# This file uses centimeters as units for non-parametric coordinates.

mtllib StudioClosed.mtl
g default
v 0.000000 0.000000 0.000000
v 0.000000 28.189270 0.000000
v 29.835686 7.046612 -3.135860
v 29.659740 5.478593 -3.117368
v 29.140722 3.989202 -3.062819
v 28.304659 2.653121 -2.974949
v 27.193476 1.537349 -2.858163
v 25.862890 0.697834 -2.718318
v 24.379622 0.176673 -2.562426
v 22.818048 0.000000 -2.398305
v 29.344456 7.046612 -6.237360
v 29.171404 5.478593 -6.200577
v 28.660934 3.989202 -6.092073
v 27.838638 2.653121 -5.917287
v 26.745749 1.537349 -5.684986
v 25.437073 0.697834 -5.406819
v 23.978224 0.176673 -5.096731
v 22.442368 0.000000 -4.770273
v 28.531721 7.046612 -9.270522
v 28.363464 5.478593 -9.215851
v 27.867126 3.989202 -9.054585
v 27.067608 2.653121 -8.794804
v 26.004990 1.537349 -8.449537
v 24.732557 0.697834 -8.036097
v 23.314117 0.176673 -7.575218
v 21.820797 0.000000 -7.090008
v 27.406384 7.046612 -12.202113
v 27.244764 5.478593 -12.130156
v 26.768007 3.989202 -11.917888
v 26.000019 2.653121 -11.575959
v 24.979315 1.537349 -11.121511
v 23.757067 0.697834 -10.577332
v 22.394573 0.176673 -9.970711
v 20.960150 0.000000 -9.332064
v 25.980785 7.046612 -15.000013
v 25.827572 5.478593 -14.911558
v 25.375614 3.989202 -14.650620
v 24.647575 2.653121 -14.230287
v 23.679958 1.537349 -13.671634
v 22.521294 0.697834 -13.002678
v 21.229670 0.176673 -12.256959
v 19.869865 0.000000 -11.471874
v 24.270529 7.046612 -17.633577
v 24.127399 5.478593 -17.529589
v 23.705193 3.989202 -17.222834
v 23.025082 2.653121 -16.728703
v 22.121162 1.537349 -16.071966
v 21.038771 0.697834 -15.285563
v 19.832170 0.176673 -14.408917
v 18.561876 0.000000 -13.485993
v 22.294361 7.046612 -20.073935
v 22.162889 5.478593 -19.955559
v 21.775061 3.989202 -19.606352
v 21.150322 2.653121 -19.043837
v 20.320004 1.537349 -18.296217
v 19.325739 0.697834 -17.400976
v 18.217386 0.176673 -16.403008
v 17.050522 0.000000 -15.352359
v 20.073929 7.046612 -22.294365
v 19.955553 5.478593 -22.162893
v 19.606348 3.989202 -21.775061
v 19.043835 2.653121 -21.150326
v 18.296207 1.537349 -20.320005
v 17.400969 0.697834 -19.325741
v 16.403004 0.176673 -18.217386
v 15.352357 0.000000 -17.050522
v 17.633568 7.046612 -24.270531
v 17.529583 5.478593 -24.127405
v 17.222830 3.989202 -23.705194
v 16.728699 2.653121 -23.025082
v 16.071962 1.537349 -22.121162
v 15.285557 0.697834 -21.038771
v 14.408914 0.176673 -19.832170
v 13.485991 0.000000 -18.561876
v 15.000009 7.046612 -25.980785
v 14.911552 5.478593 -25.827572
v 14.650615 3.989202 -25.375614
v 14.230280 2.653121 -24.647575
v 13.671630 1.537349 -23.679958
v 13.002671 0.697834 -22.521294
v 12.256955 0.176673 -21.229668
v 11.471869 0.000000 -19.869864
v 12.202107 7.046612 -27.406384
v 12.130150 5.478593 -27.244764
v 11.917883 3.989202 -26.768007
v 11.575952 2.653121 -26.000019
v 11.121505 1.537349 -24.979313
v 10.577326 0.697834 -23.757065
v 9.970705 0.176673 -22.394573
v 9.332061 0.000000 -20.960150
v 9.270514 7.046612 -28.531713
v 9.215845 5.478593 -28.363457
v 9.054575 3.989202 -27.867123
v 8.794795 2.653121 -27.067604
v 8.449530 1.537349 -26.004986
v 8.036093 0.697834 -24.732553
v 7.575214 0.176673 -23.314114
v 7.090005 0.000000 -21.820793
v 6.237353 7.046612 -29.344450
v 6.200570 5.478593 -29.171400
v 6.092065 3.989202 -28.660929
v 5.917280 2.653121 -27.838629
v 5.684980 1.537349 -26.745745
v 5.406813 0.697834 -25.437067
v 5.096725 0.176673 -23.978220
v 4.770268 0.000000 -22.442364
v 3.135853 7.046612 -29.835678
v 3.117361 5.478593 -29.659733
v 3.062810 3.989202 -29.140717
v 2.974936 2.653121 -28.304655
v 2.858146 1.537349 -27.193468
v 2.718296 0.697834 -25.862886
v 2.562399 0.176673 -24.379622
v 2.398272 0.000000 -22.818048
v -0.000003 7.046612 -30.000017
v -0.000003 5.478593 -29.823105
v -0.000003 3.989202 -29.301229
v -0.000003 2.653121 -28.460558
v -0.000003 1.537349 -27.343258
v -0.000003 0.697834 -26.005341
v -0.000003 0.176673 -24.513910
v -0.000003 0.000000 -22.943735
v -3.135859 7.046612 -29.835678
v -3.117366 5.478593 -29.659733
v -3.062815 3.989202 -29.140717
v -2.974942 2.653121 -28.304655
v -2.858152 1.537349 -27.193468
v -2.718302 0.697834 -25.862886
v -2.562405 0.176673 -24.379622
v -2.398278 0.000000 -22.818048
v -6.237357 7.046612 -29.344450
v -6.200575 5.478593 -29.171400
v -6.092071 3.989202 -28.660929
v -5.917285 2.653121 -27.838629
v -5.684985 1.537349 -26.745745
v -5.406816 0.697834 -25.437067
v -5.096729 0.176673 -23.978220
v -4.770272 0.000000 -22.442364
v -9.270520 7.046612 -28.531713
v -9.215849 5.478593 -28.363455
v -9.054582 3.989202 -27.867123
v -8.794801 2.653121 -27.067602
v -8.449535 1.537349 -26.004984
v -8.036095 0.697834 -24.732552
v -7.575215 0.176673 -23.314112
v -7.090006 0.000000 -21.820787
v -12.202111 7.046612 -27.406382
v -12.130153 5.478593 -27.244762
v -11.917885 3.989202 -26.768003
v -11.575956 2.653121 -26.000015
v -11.121507 1.537349 -24.979311
v -10.577327 0.697834 -23.757063
v -9.970705 0.176673 -22.394566
v -9.332061 0.000000 -20.960148
v -15.000010 7.046612 -25.980780
v -14.911554 5.478593 -25.827562
v -14.650617 3.989202 -25.375605
v -14.230280 2.653121 -24.647572
v -13.671630 1.537349 -23.679955
v -13.002670 0.697834 -22.521290
v -12.256953 0.176673 -21.229666
v -11.471867 0.000000 -19.869858
v -17.633570 7.046612 -24.270525
v -17.529585 5.478593 -24.127396
v -17.222832 3.989202 -23.705189
v -16.728701 2.653121 -23.025074
v -16.071962 1.537349 -22.121159
v -15.285557 0.697834 -21.038765
v -14.408914 0.176673 -19.832167
v -13.485991 0.000000 -18.561872
v -20.073931 7.046612 -22.294357
v -19.955555 5.478593 -22.162880
v -19.606350 3.989202 -21.775055
v -19.043835 2.653121 -21.150316
v -18.296209 1.537349 -20.320000
v -17.400969 0.697834 -19.325735
v -16.403004 0.176673 -18.217382
v -15.352357 0.000000 -17.050516
v -22.294359 7.046612 -20.073925
v -22.162888 5.478593 -19.955545
v -21.775057 3.989202 -19.606346
v -21.150320 2.653121 -19.043831
v -20.320002 1.537349 -18.296206
v -19.325737 0.697834 -17.400967
v -18.217381 0.176673 -16.403004
v -17.050514 0.000000 -15.352355
v -24.270525 7.046612 -17.633564
v -24.127396 5.478593 -17.529579
v -23.705189 3.989202 -17.222828
v -23.025072 2.653121 -16.728697
v -22.121157 1.537349 -16.071959
v -21.038763 0.697834 -15.285554
v -19.832163 0.176673 -14.408911
v -18.561869 0.000000 -13.485988
v -25.980778 7.046612 -15.000009
v -25.827560 5.478593 -14.911550
v -25.375605 3.989202 -14.650612
v -24.647568 2.653121 -14.230277
v -23.679953 1.537349 -13.671626
v -22.521286 0.697834 -13.002668
v -21.229664 0.176673 -12.256952
v -19.869854 0.000000 -11.471866
v -27.406378 7.046612 -12.202105
v -27.244759 5.478593 -12.130145
v -26.768002 3.989202 -11.917881
v -26.000013 2.653121 -11.575951
v -24.979307 1.537349 -11.121503
v -23.757061 0.697834 -10.577323
v -22.394562 0.176673 -9.970701
v -20.960144 0.000000 -9.332055
v -28.531710 7.046612 -9.270513
v -28.363453 5.478593 -9.215844
v -27.867119 3.989202 -9.054574
v -27.067598 2.653121 -8.794794
v -26.004980 1.537349 -8.449528
v -24.732548 0.697834 -8.036092
v -23.314108 0.176673 -7.575213
v -21.820784 0.000000 -7.090003
v -29.344440 7.046612 -6.237353
v -29.171394 5.478593 -6.200570
v -28.660923 3.989202 -6.092065
v -27.838625 2.653121 -5.917281
v -26.745739 1.537349 -5.684981
v -25.437059 0.697834 -5.406814
v -23.978216 0.176673 -5.096727
v -22.442358 0.000000 -4.770270
v -29.835672 7.046612 -3.135854
v -29.659723 5.478593 -3.117362
v -29.140707 3.989202 -3.062811
v -28.304647 2.653121 -2.974937
v -27.193462 1.537349 -2.858148
v -25.862879 0.697834 -2.718298
v -24.379614 0.176673 -2.562401
v -22.818043 0.000000 -2.398273
v -30.000017 7.046612 0.000001
v -29.823099 5.478593 0.000001
v -29.301224 3.989202 0.000001
v -28.460554 2.653121 0.000001
v -27.343252 1.537349 0.000000
v -26.005337 0.697834 -0.000000
v -24.513905 0.176673 -0.000001
v -22.943731 0.000000 -0.000001
v -29.835670 7.046612 3.135856
v -29.659721 5.478593 3.117364
v -29.140707 3.989202 3.062813
v -28.304646 2.653121 2.974939
v -27.193460 1.537349 2.858149
v -25.862877 0.697834 2.718299
v -24.379612 0.176673 2.562401
v -22.818041 0.000000 2.398273
v -29.344440 7.046612 6.237355
v -29.171392 5.478593 6.200571
v -28.660921 3.989202 6.092067
v -27.838623 2.653121 5.917284
v -26.745737 1.537349 5.684983
v -25.437057 0.697834 5.406815
v -23.978214 0.176673 5.096728
v -22.442356 0.000000 4.770272
v -28.531710 7.046612 9.270514
v -28.363451 5.478593 9.215845
v -27.867117 3.989202 9.054575
v -27.067596 2.653121 8.794794
v -26.004974 1.537349 8.449528
v -24.732546 0.697834 8.036092
v -23.314106 0.176673 7.575212
v -21.820784 0.000000 7.090001
v -27.406376 7.046612 12.202105
v -27.244755 5.478593 12.130145
v -26.767998 3.989202 11.917881
v -26.000011 2.653121 11.575950
v -24.979303 1.537349 11.121502
v -23.757057 0.697834 10.577321
v -22.394560 0.176673 9.970699
v -20.960142 0.000000 9.332051
v -25.980768 7.046612 15.000009
v -25.827557 5.478593 14.911550
v -25.375601 3.989202 14.650612
v -24.647558 2.653121 14.230277
v -23.679949 1.537349 13.671626
v -22.521276 0.697834 13.002667
v -21.229658 0.176673 12.256950
v -19.869850 0.000000 11.471865
v -24.270519 7.046612 17.633564
v -24.127392 5.478593 17.529579
v -23.705185 3.989202 17.222828
v -23.025068 2.653121 16.728697
v -22.121153 1.537349 16.071957
v -21.038754 0.697834 15.285552
v -19.832161 0.176673 14.408908
v -18.561867 0.000000 13.485983
v -22.294352 7.046612 20.073925
v -22.162874 5.478593 19.955545
v -21.775047 3.989202 19.606346
v -21.150307 2.653121 19.043825
v -20.319992 1.537349 18.296204
v -19.325729 0.697834 17.400963
v -18.217377 0.176673 16.403002
v -17.050510 0.000000 15.352350
v -20.073923 7.046612 22.294355
v -19.955542 5.478593 22.162878
v -19.606342 3.989202 21.775051
v -19.043823 2.653121 21.150314
v -18.296202 1.537349 20.319996
v -17.400963 0.697834 19.325731
v -16.403002 0.176673 18.217377
v -15.352350 0.000000 17.050510
v -17.633560 7.046612 24.270519
v -17.529570 5.478593 24.127392
v -17.222822 3.989202 23.705185
v -16.728687 2.653121 23.025068
v -16.071955 1.537349 22.121153
v -15.285552 0.697834 21.038752
v -14.408906 0.176673 19.832159
v -13.485983 0.000000 18.561863
v -15.000000 7.046612 25.980768
v -14.911543 5.478593 25.827555
v -14.650605 3.989202 25.375599
v -14.230273 2.653121 24.647556
v -13.671620 1.537349 23.679945
v -13.002665 0.697834 22.521276
v -12.256945 0.176673 21.229656
v -11.471862 0.000000 19.869848
v -12.202099 7.046612 27.406372
v -12.130141 5.478593 27.244751
v -11.917874 3.989202 26.767994
v -11.575947 2.653121 26.000006
v -11.121498 1.537349 24.979296
v -10.577319 0.697834 23.757053
v -9.970698 0.176673 22.394556
v -9.332051 0.000000 20.960133
v -9.270509 7.046612 28.531704
v -9.215837 5.478593 28.363447
v -9.054570 3.989202 27.867113
v -8.794790 2.653121 27.067591
v -8.449524 1.537349 26.004971
v -8.036087 0.697834 24.732540
v -7.575206 0.176673 23.314096
v -7.089998 0.000000 21.820780
v -6.237349 7.046612 29.344435
v -6.200567 5.478593 29.171387
v -6.092062 3.989202 28.660913
v -5.917278 2.653121 27.838619
v -5.684978 1.537349 26.745731
v -5.406809 0.697834 25.437054
v -5.096723 0.176673 23.978209
v -4.770266 0.000000 22.442348
v -3.135851 7.046612 29.835665
v -3.117358 5.478593 29.659718
v -3.062808 3.989202 29.140701
v -2.974935 2.653121 28.304640
v -2.858145 1.537349 27.193457
v -2.718295 0.697834 25.862867
v -2.562398 0.176673 24.379604
v -2.398270 0.000000 22.818037
v 0.000003 7.046612 30.000010
v 0.000003 5.478593 29.823090
v 0.000003 3.989202 29.301214
v 0.000003 2.653121 28.460548
v 0.000002 1.537349 27.343243
v 0.000002 0.697834 26.005331
v 0.000001 0.176673 24.513891
v 0.000001 0.000000 22.943724
v 3.135858 7.046612 29.835663
v 3.117365 5.478593 29.659716
v 3.062814 3.989202 29.140699
v 2.974940 2.653121 28.304634
v 2.858150 1.537349 27.193455
v 2.718300 0.697834 25.862865
v 2.562402 0.176673 24.379604
v 2.398274 0.000000 22.818035
v 6.237355 7.046612 29.344435
v 6.200572 5.478593 29.171385
v 6.092067 3.989202 28.660913
v 5.917284 2.653121 27.838617
v 5.684984 1.537349 26.745731
v 5.406815 0.697834 25.437052
v 5.096729 0.176673 23.978207
v 4.770272 0.000000 22.442345
v 9.270514 7.046612 28.531702
v 9.215845 5.478593 28.363445
v 9.054575 3.989202 27.867111
v 8.794794 2.653121 27.067585
v 8.449528 1.537349 26.004969
v 8.036091 0.697834 24.732534
v 7.575211 0.176673 23.314095
v 7.090001 0.000000 21.820778
v 12.202105 7.046612 27.406368
v 12.130144 5.478593 27.244747
v 11.917880 3.989202 26.767990
v 11.575950 2.653121 26.000004
v 11.121501 1.537349 24.979294
v 10.577321 0.697834 23.757050
v 9.970698 0.176673 22.394554
v 9.332051 0.000000 20.960131
v 15.000007 7.046612 25.980764
v 14.911546 5.478593 25.827551
v 14.650610 3.989202 25.375595
v 14.230275 2.653121 24.647554
v 13.671622 1.537349 23.679943
v 13.002666 0.697834 22.521273
v 12.256947 0.176673 21.229654
v 11.471863 0.000000 19.869846
v 17.633562 7.046612 24.270514
v 17.529572 5.478593 24.127386
v 17.222824 3.989202 23.705179
v 16.728693 2.653121 23.025064
v 16.071955 1.537349 22.121147
v 15.285552 0.697834 21.038750
v 14.408906 0.176673 19.832155
v 13.485982 0.000000 18.561857
v 20.073925 7.046612 22.294344
v 19.955544 5.478593 22.162872
v 19.606344 3.989202 21.775040
v 19.043823 2.653121 21.150303
v 18.296202 1.537349 20.319988
v 17.400963 0.697834 19.325722
v 16.403000 0.176673 18.217373
v 15.352347 0.000000 17.050507
v 22.294352 7.046612 20.073919
v 22.162874 5.478593 19.955538
v 21.775047 3.989202 19.606339
v 21.150307 2.653121 19.043819
v 20.319992 1.537349 18.296200
v 19.325727 0.697834 17.400961
v 18.217373 0.176673 16.402998
v 17.050507 0.000000 15.352345
v 24.270515 7.046612 17.633558
v 24.127388 5.478593 17.529568
v 23.705181 3.989202 17.222820
v 23.025064 2.653121 16.728685
v 22.121149 1.537349 16.071955
v 21.038752 0.697834 15.285548
v 19.832155 0.176673 14.408904
v 18.561857 0.000000 13.485980
v 25.980764 7.046612 15.000000
v 25.827551 5.478593 14.911543
v 25.375595 3.989202 14.650605
v 24.647554 2.653121 14.230272
v 23.679943 1.537349 13.671620
v 22.521273 0.697834 13.002664
v 21.229654 0.176673 12.256945
v 19.869846 0.000000 11.471861
v 27.406368 7.046612 12.202099
v 27.244747 5.478593 12.130141
v 26.767990 3.989202 11.917874
v 26.000002 2.653121 11.575946
v 24.979294 1.537349 11.121498
v 23.757050 0.697834 10.577319
v 22.394552 0.176673 9.970697
v 20.960131 0.000000 9.332050
v 28.531700 7.046612 9.270511
v 28.363443 5.478593 9.215839
v 27.867109 3.989202 9.054572
v 27.067583 2.653121 8.794791
v 26.004969 1.537349 8.449525
v 24.732533 0.697834 8.036088
v 23.314093 0.176673 7.575207
v 21.820776 0.000000 7.089998
v 29.344433 7.046612 6.237351
v 29.171381 5.478593 6.200569
v 28.660912 3.989202 6.092064
v 27.838615 2.653121 5.917280
v 26.745728 1.537349 5.684979
v 25.437050 0.697834 5.406812
v 23.978207 0.176673 5.096724
v 22.442343 0.000000 4.770267
v 29.835661 7.046612 3.135854
v 29.659714 5.478593 3.117362
v 29.140697 3.989202 3.062811
v 28.304632 2.653121 2.974937
v 27.193453 1.537349 2.858148
v 25.862864 0.697834 2.718298
v 24.379599 0.176673 2.562401
v 22.818033 0.000000 2.398273
v 30.000000 7.046612 0.000000
v 29.823086 5.478593 -0.000001
v 29.301210 3.989202 -0.000003
v 28.460545 2.653121 -0.000006
v 27.343241 1.537349 -0.000011
v 26.005327 0.697834 -0.000016
v 24.513889 0.176673 -0.000022
v 22.943722 0.000000 -0.000028
v 29.835686 21.142656 -3.135860
v 29.659740 22.710674 -3.117368
v 29.140722 24.200066 -3.062819
v 28.304659 25.536146 -2.974949
v 27.193476 26.651920 -2.858163
v 25.862890 27.491436 -2.718318
v 24.379622 28.012594 -2.562426
v 22.818048 28.189270 -2.398305
v 29.344456 21.142656 -6.237360
v 29.171404 22.710674 -6.200577
v 28.660934 24.200066 -6.092073
v 27.838638 25.536146 -5.917287
v 26.745749 26.651920 -5.684986
v 25.437073 27.491436 -5.406819
v 23.978224 28.012594 -5.096731
v 22.442368 28.189270 -4.770273
v 28.531721 21.142656 -9.270522
v 28.363464 22.710674 -9.215851
v 27.867126 24.200066 -9.054585
v 27.067608 25.536146 -8.794804
v 26.004990 26.651920 -8.449537
v 24.732557 27.491436 -8.036097
v 23.314117 28.012594 -7.575218
v 21.820797 28.189270 -7.090008
v 27.406384 21.142656 -12.202113
v 27.244764 22.710674 -12.130156
v 26.768007 24.200066 -11.917888
v 26.000019 25.536146 -11.575959
v 24.979315 26.651920 -11.121511
v 23.757067 27.491436 -10.577332
v 22.394573 28.012594 -9.970711
v 20.960150 28.189270 -9.332064
v 25.980785 21.142656 -15.000013
v 25.827572 22.710674 -14.911558
v 25.375614 24.200066 -14.650620
v 24.647575 25.536146 -14.230287
v 23.679958 26.651920 -13.671634
v 22.521294 27.491436 -13.002678
v 21.229670 28.012594 -12.256959
v 19.869865 28.189270 -11.471874
v 24.270529 21.142656 -17.633577
v 24.127399 22.710674 -17.529589
v 23.705193 24.200066 -17.222834
v 23.025082 25.536146 -16.728703
v 22.121162 26.651920 -16.071966
v 21.038771 27.491436 -15.285563
v 19.832170 28.012594 -14.408917
v 18.561876 28.189270 -13.485993
v 22.294361 21.142656 -20.073935
v 22.162889 22.710674 -19.955559
v 21.775061 24.200066 -19.606352
v 21.150322 25.536146 -19.043837
v 20.320004 26.651920 -18.296217
v 19.325739 27.491436 -17.400976
v 18.217386 28.012594 -16.403008
v 17.050522 28.189270 -15.352359
v 20.073929 21.142656 -22.294365
v 19.955553 22.710674 -22.162893
v 19.606348 24.200066 -21.775061
v 19.043835 25.536146 -21.150326
v 18.296207 26.651920 -20.320005
v 17.400969 27.491436 -19.325741
v 16.403004 28.012594 -18.217386
v 15.352357 28.189270 -17.050522
v 17.633568 21.142656 -24.270531
v 17.529583 22.710674 -24.127405
v 17.222830 24.200066 -23.705194
v 16.728699 25.536146 -23.025082
v 16.071962 26.651920 -22.121162
v 15.285557 27.491436 -21.038771
v 14.408914 28.012594 -19.832170
v 13.485991 28.189270 -18.561876
v 15.000009 21.142656 -25.980785
v 14.911552 22.710674 -25.827572
v 14.650615 24.200066 -25.375614
v 14.230280 25.536146 -24.647575
v 13.671630 26.651920 -23.679958
v 13.002671 27.491436 -22.521294
v 12.256955 28.012594 -21.229668
v 11.471869 28.189270 -19.869864
v 12.202107 21.142656 -27.406384
v 12.130150 22.710674 -27.244764
v 11.917883 24.200066 -26.768007
v 11.575952 25.536146 -26.000019
v 11.121505 26.651920 -24.979313
v 10.577326 27.491436 -23.757065
v 9.970705 28.012594 -22.394573
v 9.332061 28.189270 -20.960150
v 9.270514 21.142656 -28.531713
v 9.215845 22.710674 -28.363457
v 9.054575 24.200066 -27.867123
v 8.794795 25.536146 -27.067604
v 8.449530 26.651920 -26.004986
v 8.036093 27.491436 -24.732553
v 7.575214 28.012594 -23.314114
v 7.090005 28.189270 -21.820793
v 6.237353 21.142656 -29.344450
v 6.200570 22.710674 -29.171400
v 6.092065 24.200066 -28.660929
v 5.917280 25.536146 -27.838629
v 5.684980 26.651920 -26.745745
v 5.406813 27.491436 -25.437067
v 5.096725 28.012594 -23.978220
v 4.770268 28.189270 -22.442364
v 3.135853 21.142656 -29.835678
v 3.117361 22.710674 -29.659733
v 3.062810 24.200066 -29.140717
v 2.974936 25.536146 -28.304655
v 2.858146 26.651920 -27.193468
v 2.718296 27.491436 -25.862886
v 2.562399 28.012594 -24.379622
v 2.398272 28.189270 -22.818048
v -0.000003 21.142656 -30.000017
v -0.000003 22.710674 -29.823105
v -0.000003 24.200066 -29.301229
v -0.000003 25.536146 -28.460558
v -0.000003 26.651920 -27.343258
v -0.000003 27.491436 -26.005341
v -0.000003 28.012594 -24.513910
v -0.000003 28.189270 -22.943735
v -3.135859 21.142656 -29.835678
v -3.117366 22.710674 -29.659733
v -3.062815 24.200066 -29.140717
v -2.974942 25.536146 -28.304655
v -2.858152 26.651920 -27.193468
v -2.718302 27.491436 -25.862886
v -2.562405 28.012594 -24.379622
v -2.398278 28.189270 -22.818048
v -6.237357 21.142656 -29.344450
v -6.200575 22.710674 -29.171400
v -6.092071 24.200066 -28.660929
v -5.917285 25.536146 -27.838629
v -5.684985 26.651920 -26.745745
v -5.406816 27.491436 -25.437067
v -5.096729 28.012594 -23.978220
v -4.770272 28.189270 -22.442364
v -9.270520 21.142656 -28.531713
v -9.215849 22.710674 -28.363455
v -9.054582 24.200066 -27.867123
v -8.794801 25.536146 -27.067602
v -8.449535 26.651920 -26.004984
v -8.036095 27.491436 -24.732552
v -7.575215 28.012594 -23.314112
v -7.090006 28.189270 -21.820787
v -12.202111 21.142656 -27.406382
v -12.130153 22.710674 -27.244762
v -11.917885 24.200066 -26.768003
v -11.575956 25.536146 -26.000015
v -11.121507 26.651920 -24.979311
v -10.577327 27.491436 -23.757063
v -9.970705 28.012594 -22.394566
v -9.332061 28.189270 -20.960148
v -15.000010 21.142656 -25.980780
v -14.911554 22.710674 -25.827562
v -14.650617 24.200066 -25.375605
v -14.230280 25.536146 -24.647572
v -13.671630 26.651920 -23.679955
v -13.002670 27.491436 -22.521290
v -12.256953 28.012594 -21.229666
v -11.471867 28.189270 -19.869858
v -17.633570 21.142656 -24.270525
v -17.529585 22.710674 -24.127396
v -17.222832 24.200066 -23.705189
v -16.728701 25.536146 -23.025074
v -16.071962 26.651920 -22.121159
v -15.285557 27.491436 -21.038765
v -14.408914 28.012594 -19.832167
v -13.485991 28.189270 -18.561872
v -20.073931 21.142656 -22.294357
v -19.955555 22.710674 -22.162880
v -19.606350 24.200066 -21.775055
v -19.043835 25.536146 -21.150316
v -18.296209 26.651920 -20.320000
v -17.400969 27.491436 -19.325735
v -16.403004 28.012594 -18.217382
v -15.352357 28.189270 -17.050516
v -22.294359 21.142656 -20.073925
v -22.162888 22.710674 -19.955545
v -21.775057 24.200066 -19.606346
v -21.150320 25.536146 -19.043831
v -20.320002 26.651920 -18.296206
v -19.325737 27.491436 -17.400967
v -18.217381 28.012594 -16.403004
v -17.050514 28.189270 -15.352355
v -24.270525 21.142656 -17.633564
v -24.127396 22.710674 -17.529579
v -23.705189 24.200066 -17.222828
v -23.025072 25.536146 -16.728697
v -22.121157 26.651920 -16.071959
v -21.038763 27.491436 -15.285554
v -19.832163 28.012594 -14.408911
v -18.561869 28.189270 -13.485988
v -25.980778 21.142656 -15.000009
v -25.827560 22.710674 -14.911550
v -25.375605 24.200066 -14.650612
v -24.647568 25.536146 -14.230277
v -23.679953 26.651920 -13.671626
v -22.521286 27.491436 -13.002668
v -21.229664 28.012594 -12.256952
v -19.869854 28.189270 -11.471866
v -27.406378 21.142656 -12.202105
v -27.244759 22.710674 -12.130145
v -26.768002 24.200066 -11.917881
v -26.000013 25.536146 -11.575951
v -24.979307 26.651920 -11.121503
v -23.757061 27.491436 -10.577323
v -22.394562 28.012594 -9.970701
v -20.960144 28.189270 -9.332055
v -28.531710 21.142656 -9.270513
v -28.363453 22.710674 -9.215844
v -27.867119 24.200066 -9.054574
v -27.067598 25.536146 -8.794794
v -26.004980 26.651920 -8.449528
v -24.732548 27.491436 -8.036092
v -23.314108 28.012594 -7.575213
v -21.820784 28.189270 -7.090003
v -29.344440 21.142656 -6.237353
v -29.171394 22.710674 -6.200570
v -28.660923 24.200066 -6.092065
v -27.838625 25.536146 -5.917281
v -26.745739 26.651920 -5.684981
v -25.437059 27.491436 -5.406814
v -23.978216 28.012594 -5.096727
v -22.442358 28.189270 -4.770270
v -29.835672 21.142656 -3.135854
v -29.659723 22.710674 -3.117362
v -29.140707 24.200066 -3.062811
v -28.304647 25.536146 -2.974937
v -27.193462 26.651920 -2.858148
v -25.862879 27.491436 -2.718298
v -24.379614 28.012594 -2.562401
v -22.818043 28.189270 -2.398273
v -30.000017 21.142656 0.000001
v -29.823099 22.710674 0.000001
v -29.301224 24.200066 0.000001
v -28.460554 25.536146 0.000001
v -27.343252 26.651920 0.000000
v -26.005337 27.491436 -0.000000
v -24.513905 28.012594 -0.000001
v -22.943731 28.189270 -0.000001
v -29.835670 21.142656 3.135856
v -29.659721 22.710674 3.117364
v -29.140707 24.200066 3.062813
v -28.304646 25.536146 2.974939
v -27.193460 26.651920 2.858149
v -25.862877 27.491436 2.718299
v -24.379612 28.012594 2.562401
v -22.818041 28.189270 2.398273
v -29.344440 21.142656 6.237355
v -29.171392 22.710674 6.200571
v -28.660921 24.200066 6.092067
v -27.838623 25.536146 5.917284
v -26.745737 26.651920 5.684983
v -25.437057 27.491436 5.406815
v -23.978214 28.012594 5.096728
v -22.442356 28.189270 4.770272
v -28.531710 21.142656 9.270514
v -28.363451 22.710674 9.215845
v -27.867117 24.200066 9.054575
v -27.067596 25.536146 8.794794
v -26.004974 26.651920 8.449528
v -24.732546 27.491436 8.036092
v -23.314106 28.012594 7.575212
v -21.820784 28.189270 7.090001
v -27.406376 21.142656 12.202105
v -27.244755 22.710674 12.130145
v -26.767998 24.200066 11.917881
v -26.000011 25.536146 11.575950
v -24.979303 26.651920 11.121502
v -23.757057 27.491436 10.577321
v -22.394560 28.012594 9.970699
v -20.960142 28.189270 9.332051
v -25.980768 21.142656 15.000009
v -25.827557 22.710674 14.911550
v -25.375601 24.200066 14.650612
v -24.647558 25.536146 14.230277
v -23.679949 26.651920 13.671626
v -22.521276 27.491436 13.002667
v -21.229658 28.012594 12.256950
v -19.869850 28.189270 11.471865
v -24.270519 21.142656 17.633564
v -24.127392 22.710674 17.529579
v -23.705185 24.200066 17.222828
v -23.025068 25.536146 16.728697
v -22.121153 26.651920 16.071957
v -21.038754 27.491436 15.285552
v -19.832161 28.012594 14.408908
v -18.561867 28.189270 13.485983
v -22.294352 21.142656 20.073925
v -22.162874 22.710674 19.955545
v -21.775047 24.200066 19.606346
v -21.150307 25.536146 19.043825
v -20.319992 26.651920 18.296204
v -19.325729 27.491436 17.400963
v -18.217377 28.012594 16.403002
v -17.050510 28.189270 15.352350
v -20.073923 21.142656 22.294355
v -19.955542 22.710674 22.162878
v -19.606342 24.200066 21.775051
v -19.043823 25.536146 21.150314
v -18.296202 26.651920 20.319996
v -17.400963 27.491436 19.325731
v -16.403002 28.012594 18.217377
v -15.352350 28.189270 17.050510
v -17.633560 21.142656 24.270519
v -17.529570 22.710674 24.127392
v -17.222822 24.200066 23.705185
v -16.728687 25.536146 23.025068
v -16.071955 26.651920 22.121153
v -15.285552 27.491436 21.038752
v -14.408906 28.012594 19.832159
v -13.485983 28.189270 18.561863
v -15.000000 21.142656 25.980768
v -14.911543 22.710674 25.827555
v -14.650605 24.200066 25.375599
v -14.230273 25.536146 24.647556
v -13.671620 26.651920 23.679945
v -13.002665 27.491436 22.521276
v -12.256945 28.012594 21.229656
v -11.471862 28.189270 19.869848
v -12.202099 21.142656 27.406372
v -12.130141 22.710674 27.244751
v -11.917874 24.200066 26.767994
v -11.575947 25.536146 26.000006
v -11.121498 26.651920 24.979296
v -10.577319 27.491436 23.757053
v -9.970698 28.012594 22.394556
v -9.332051 28.189270 20.960133
v -9.270509 21.142656 28.531704
v -9.215837 22.710674 28.363447
v -9.054570 24.200066 27.867113
v -8.794790 25.536146 27.067591
v -8.449524 26.651920 26.004971
v -8.036087 27.491436 24.732540
v -7.575206 28.012594 23.314096
v -7.089998 28.189270 21.820780
v -6.237349 21.142656 29.344435
v -6.200567 22.710674 29.171387
v -6.092062 24.200066 28.660913
v -5.917278 25.536146 27.838619
v -5.684978 26.651920 26.745731
v -5.406809 27.491436 25.437054
v -5.096723 28.012594 23.978209
v -4.770266 28.189270 22.442348
v -3.135851 21.142656 29.835665
v -3.117358 22.710674 29.659718
v -3.062808 24.200066 29.140701
v -2.974935 25.536146 28.304640
v -2.858145 26.651920 27.193457
v -2.718295 27.491436 25.862867
v -2.562398 28.012594 24.379604
v -2.398270 28.189270 22.818037
v 0.000003 21.142656 30.000010
v 0.000003 22.710674 29.823090
v 0.000003 24.200066 29.301214
v 0.000003 25.536146 28.460548
v 0.000002 26.651920 27.343243
v 0.000002 27.491436 26.005331
v 0.000001 28.012594 24.513891
v 0.000001 28.189270 22.943724
v 3.135858 21.142656 29.835663
v 3.117365 22.710674 29.659716
v 3.062814 24.200066 29.140699
v 2.974940 25.536146 28.304634
v 2.858150 26.651920 27.193455
v 2.718300 27.491436 25.862865
v 2.562402 28.012594 24.379604
v 2.398274 28.189270 22.818035
v 6.237355 21.142656 29.344435
v 6.200572 22.710674 29.171385
v 6.092067 24.200066 28.660913
v 5.917284 25.536146 27.838617
v 5.684984 26.651920 26.745731
v 5.406815 27.491436 25.437052
v 5.096729 28.012594 23.978207
v 4.770272 28.189270 22.442345
v 9.270514 21.142656 28.531702
v 9.215845 22.710674 28.363445
v 9.054575 24.200066 27.867111
v 8.794794 25.536146 27.067585
v 8.449528 26.651920 26.004969
v 8.036091 27.491436 24.732534
v 7.575211 28.012594 23.314095
v 7.090001 28.189270 21.820778
v 12.202105 21.142656 27.406368
v 12.130144 22.710674 27.244747
v 11.917880 24.200066 26.767990
v 11.575950 25.536146 26.000004
v 11.121501 26.651920 24.979294
v 10.577321 27.491436 23.757050
v 9.970698 28.012594 22.394554
v 9.332051 28.189270 20.960131
v 15.000007 21.142656 25.980764
v 14.911546 22.710674 25.827551
v 14.650610 24.200066 25.375595
v 14.230275 25.536146 24.647554
v 13.671622 26.651920 23.679943
v 13.002666 27.491436 22.521273
v 12.256947 28.012594 21.229654
v 11.471863 28.189270 19.869846
v 17.633562 21.142656 24.270514
v 17.529572 22.710674 24.127386
v 17.222824 24.200066 23.705179
v 16.728693 25.536146 23.025064
v 16.071955 26.651920 22.121147
v 15.285552 27.491436 21.038750
v 14.408906 28.012594 19.832155
v 13.485982 28.189270 18.561857
v 20.073925 21.142656 22.294344
v 19.955544 22.710674 22.162872
v 19.606344 24.200066 21.775040
v 19.043823 25.536146 21.150303
v 18.296202 26.651920 20.319988
v 17.400963 27.491436 19.325722
v 16.403000 28.012594 18.217373
v 15.352347 28.189270 17.050507
v 22.294352 21.142656 20.073919
v 22.162874 22.710674 19.955538
v 21.775047 24.200066 19.606339
v 21.150307 25.536146 19.043819
v 20.319992 26.651920 18.296200
v 19.325727 27.491436 17.400961
v 18.217373 28.012594 16.402998
v 17.050507 28.189270 15.352345
v 24.270515 21.142656 17.633558
v 24.127388 22.710674 17.529568
v 23.705181 24.200066 17.222820
v 23.025064 25.536146 16.728685
v 22.121149 26.651920 16.071955
v 21.038752 27.491436 15.285548
v 19.832155 28.012594 14.408904
v 18.561857 28.189270 13.485980
v 25.980764 21.142656 15.000000
v 25.827551 22.710674 14.911543
v 25.375595 24.200066 14.650605
v 24.647554 25.536146 14.230272
v 23.679943 26.651920 13.671620
v 22.521273 27.491436 13.002664
v 21.229654 28.012594 12.256945
v 19.869846 28.189270 11.471861
v 27.406368 21.142656 12.202099
v 27.244747 22.710674 12.130141
v 26.767990 24.200066 11.917874
v 26.000002 25.536146 11.575946
v 24.979294 26.651920 11.121498
v 23.757050 27.491436 10.577319
v 22.394552 28.012594 9.970697
v 20.960131 28.189270 9.332050
v 28.531700 21.142656 9.270511
v 28.363443 22.710674 9.215839
v 27.867109 24.200066 9.054572
v 27.067583 25.536146 8.794791
v 26.004969 26.651920 8.449525
v 24.732533 27.491436 8.036088
v 23.314093 28.012594 7.575207
v 21.820776 28.189270 7.089998
v 29.344433 21.142656 6.237351
v 29.171381 22.710674 6.200569
v 28.660912 24.200066 6.092064
v 27.838615 25.536146 5.917280
v 26.745728 26.651920 5.684979
v 25.437050 27.491436 5.406812
v 23.978207 28.012594 5.096724
v 22.442343 28.189270 4.770267
v 29.835661 21.142656 3.135854
v 29.659714 22.710674 3.117362
v 29.140697 24.200066 3.062811
v 28.304632 25.536146 2.974937
v 27.193453 26.651920 2.858148
v 25.862864 27.491436 2.718298
v 24.379599 28.012594 2.562401
v 22.818033 28.189270 2.398273
v 30.000000 21.142656 0.000000
v 29.823086 22.710674 -0.000001
v 29.301210 24.200066 -0.000003
v 28.460545 25.536146 -0.000006
v 27.343241 26.651920 -0.000011
v 26.005327 27.491436 -0.000016
v 24.513889 28.012594 -0.000022
v 22.943722 28.189270 -0.000028
vt 0.379167 0.406476
vt 0.375000 0.594463
vt 0.383333 0.406476
vt 0.379167 0.594464
vt 0.387500 0.406473
vt 0.383333 0.594464
vt 0.391667 0.406476
vt 0.387500 0.594463
vt 0.395833 0.406473
vt 0.391667 0.594464
vt 0.400000 0.406476
vt 0.395833 0.594463
vt 0.404167 0.406476
vt 0.400000 0.594464
vt 0.408333 0.406473
vt 0.404167 0.594464
vt 0.412500 0.406476
vt 0.408333 0.594463
vt 0.416667 0.406476
vt 0.412500 0.594464
vt 0.420833 0.406473
vt 0.416667 0.594464
vt 0.425000 0.406473
vt 0.420833 0.594464
vt 0.429167 0.406473
vt 0.425000 0.594463
vt 0.433333 0.406476
vt 0.429167 0.594463
vt 0.437500 0.406473
vt 0.433333 0.594464
vt 0.441667 0.406476
vt 0.437500 0.594463
vt 0.445833 0.406473
vt 0.441667 0.594464
vt 0.450000 0.406476
vt 0.445833 0.594463
vt 0.454167 0.406473
vt 0.450000 0.594464
vt 0.458333 0.406473
vt 0.454167 0.594463
vt 0.462500 0.406476
vt 0.458333 0.594463
vt 0.466667 0.406473
vt 0.462500 0.594464
vt 0.470833 0.406476
vt 0.466667 0.594463
vt 0.475000 0.406473
vt 0.470833 0.594464
vt 0.479167 0.406476
vt 0.475000 0.594463
vt 0.483333 0.406473
vt 0.479167 0.594464
vt 0.487500 0.406476
vt 0.483333 0.594463
vt 0.491667 0.406473
vt 0.487500 0.594464
vt 0.495833 0.406476
vt 0.491667 0.594463
vt 0.500000 0.406476
vt 0.495833 0.594464
vt 0.504167 0.406473
vt 0.500000 0.594464
vt 0.508333 0.406473
vt 0.504167 0.594463
vt 0.512500 0.406473
vt 0.508333 0.594463
vt 0.516667 0.406476
vt 0.512500 0.594464
vt 0.520833 0.406473
vt 0.516667 0.594464
vt 0.525000 0.406476
vt 0.520833 0.594463
vt 0.529167 0.406476
vt 0.525000 0.594464
vt 0.533333 0.406473
vt 0.529167 0.594464
vt 0.537500 0.406476
vt 0.533333 0.594463
vt 0.541667 0.406473
vt 0.537500 0.594464
vt 0.545833 0.406473
vt 0.541667 0.594463
vt 0.550000 0.406476
vt 0.545833 0.594463
vt 0.554166 0.406473
vt 0.550000 0.594464
vt 0.558333 0.406476
vt 0.554166 0.594463
vt 0.562500 0.406473
vt 0.558333 0.594464
vt 0.566666 0.406476
vt 0.562500 0.594463
vt 0.570833 0.406476
vt 0.566666 0.594464
vt 0.575000 0.406473
vt 0.570833 0.594464
vt 0.579166 0.406473
vt 0.575000 0.594464
vt 0.583333 0.406476
vt 0.579166 0.594463
vt 0.587500 0.406477
vt 0.583333 0.594464
vt 0.591666 0.406473
vt 0.587500 0.594464
vt 0.595833 0.406476
vt 0.591666 0.594463
vt 0.600000 0.406473
vt 0.595833 0.594464
vt 0.604166 0.406473
vt 0.600000 0.594463
vt 0.608333 0.406473
vt 0.604166 0.594463
vt 0.612500 0.406473
vt 0.608333 0.594463
vt 0.616666 0.406476
vt 0.612500 0.594463
vt 0.620833 0.406473
vt 0.616666 0.594464
vt 0.625000 0.406476
vt 0.620833 0.594463
vt 0.618843 0.142289
vt 0.616886 0.129935
vt 0.613649 0.117853
vt 0.609167 0.106176
vt 0.603489 0.095031
vt 0.596677 0.084540
vt 0.588804 0.074821
vt 0.579960 0.065976
vt 0.570239 0.058104
vt 0.559749 0.051292
vt 0.548604 0.045613
vt 0.536927 0.041129
vt 0.524845 0.037894
vt 0.512491 0.035937
vt 0.500000 0.035282
vt 0.487509 0.035935
vt 0.475155 0.037892
vt 0.463073 0.041130
vt 0.451396 0.045614
vt 0.440251 0.051292
vt 0.429760 0.058104
vt 0.420040 0.065975
vt 0.411196 0.074821
vt 0.403324 0.084541
vt 0.396511 0.095031
vt 0.390833 0.106175
vt 0.386349 0.117853
vt 0.383114 0.129935
vt 0.381157 0.142289
vt 0.380503 0.154780
vt 0.381157 0.167271
vt 0.383113 0.179625
vt 0.386351 0.191707
vt 0.390833 0.203384
vt 0.396511 0.214529
vt 0.403323 0.225020
vt 0.411195 0.234741
vt 0.420040 0.243584
vt 0.429760 0.251456
vt 0.440251 0.258269
vt 0.451395 0.263948
vt 0.463073 0.268430
vt 0.475155 0.271668
vt 0.487509 0.273624
vt 0.500000 0.274279
vt 0.512491 0.273623
vt 0.524845 0.271668
vt 0.536927 0.268430
vt 0.548604 0.263947
vt 0.559749 0.258268
vt 0.570239 0.251456
vt 0.579961 0.243585
vt 0.588805 0.234740
vt 0.596677 0.225020
vt 0.603489 0.214530
vt 0.609167 0.203384
vt 0.613650 0.191707
vt 0.616888 0.179625
vt 0.618845 0.167271
vt 0.500000 0.150000
vt 0.619498 0.154780
vt 0.616886 0.867125
vt 0.613649 0.879207
vt 0.609167 0.890884
vt 0.603489 0.902029
vt 0.596676 0.912520
vt 0.588804 0.922239
vt 0.579960 0.931084
vt 0.570239 0.938956
vt 0.559749 0.945768
vt 0.548604 0.951447
vt 0.536927 0.955930
vt 0.524845 0.959166
vt 0.512491 0.961123
vt 0.500000 0.961777
vt 0.487509 0.961124
vt 0.475155 0.959168
vt 0.463073 0.955930
vt 0.451396 0.951446
vt 0.440251 0.945768
vt 0.429761 0.938956
vt 0.420040 0.931085
vt 0.411196 0.922239
vt 0.403324 0.912519
vt 0.396511 0.902029
vt 0.390833 0.890884
vt 0.386349 0.879207
vt 0.383114 0.867125
vt 0.381157 0.854771
vt 0.380503 0.842280
vt 0.381157 0.829789
vt 0.383113 0.817435
vt 0.386351 0.805353
vt 0.390833 0.793676
vt 0.396511 0.782531
vt 0.403323 0.772040
vt 0.411195 0.762319
vt 0.420040 0.753476
vt 0.429760 0.745604
vt 0.440250 0.738791
vt 0.451395 0.733112
vt 0.463073 0.728630
vt 0.475155 0.725392
vt 0.487509 0.723436
vt 0.500000 0.722781
vt 0.512491 0.723436
vt 0.524845 0.725392
vt 0.536927 0.728629
vt 0.548604 0.733113
vt 0.559749 0.738791
vt 0.570239 0.745604
vt 0.579961 0.753475
vt 0.588805 0.762319
vt 0.596677 0.772040
vt 0.603489 0.782530
vt 0.609167 0.793675
vt 0.613651 0.805353
vt 0.616888 0.817435
vt 0.618845 0.829789
vt 0.619498 0.842280
vt 0.618843 0.854771
vt 0.500000 0.837500
vt 0.375000 0.406473
vt 0.625000 0.594464
vt 0.625000 0.380615
vt 0.375000 0.380612
vt 0.625000 0.355755
vt 0.375000 0.355753
vt 0.625000 0.332808
vt 0.375000 0.332808
vt 0.625000 0.312500
vt 0.655394 0.139917
vt 0.375000 0.312500
vt 0.641004 0.140884
vt 0.629166 0.141648
vt 0.379167 0.380954
vt 0.379167 0.356310
vt 0.379167 0.333314
vt 0.652836 0.123764
vt 0.379167 0.312500
vt 0.638683 0.126226
vt 0.627040 0.128221
vt 0.383333 0.381131
vt 0.383333 0.356578
vt 0.383333 0.333521
vt 0.648603 0.107966
vt 0.383333 0.312500
vt 0.634842 0.111891
vt 0.623521 0.115089
vt 0.387500 0.381219
vt 0.387500 0.356705
vt 0.387500 0.333611
vt 0.642742 0.092697
vt 0.387500 0.312500
vt 0.629524 0.098036
vt 0.618650 0.102397
vt 0.391667 0.381262
vt 0.391667 0.356764
vt 0.391667 0.333652
vt 0.635317 0.078125
vt 0.391667 0.312500
vt 0.622786 0.084813
vt 0.612478 0.090285
vt 0.395833 0.381282
vt 0.395833 0.356792
vt 0.395833 0.333671
vt 0.626409 0.064408
vt 0.395833 0.312500
vt 0.614703 0.072367
vt 0.605074 0.078883
vt 0.400000 0.381293
vt 0.400000 0.356806
vt 0.400000 0.333679
vt 0.616116 0.051698
vt 0.400000 0.312500
vt 0.605364 0.060834
vt 0.596518 0.068318
vt 0.404167 0.381297
vt 0.404167 0.356812
vt 0.404167 0.333683
vt 0.604552 0.040134
vt 0.404167 0.312500
vt 0.594870 0.050340
vt 0.586905 0.058706
vt 0.408333 0.381299
vt 0.408333 0.356815
vt 0.408333 0.333685
vt 0.591842 0.029841
vt 0.408333 0.312500
vt 0.583337 0.041000
vt 0.576340 0.050150
vt 0.412500 0.381301
vt 0.412500 0.356816
vt 0.412500 0.333686
vt 0.578125 0.020933
vt 0.412500 0.312500
vt 0.570891 0.032918
vt 0.564939 0.042746
vt 0.416667 0.381301
vt 0.416667 0.356817
vt 0.416667 0.333687
vt 0.563553 0.013508
vt 0.416667 0.312500
vt 0.557668 0.026180
vt 0.552826 0.036574
vt 0.420833 0.381300
vt 0.420833 0.356817
vt 0.420833 0.333687
vt 0.548284 0.007647
vt 0.420833 0.312500
vt 0.543813 0.020862
vt 0.540135 0.031702
vt 0.425000 0.381300
vt 0.425000 0.356817
vt 0.425000 0.333687
vt 0.532486 0.003414
vt 0.425000 0.312500
vt 0.529478 0.017021
vt 0.527003 0.028184
vt 0.429167 0.381300
vt 0.429167 0.356817
vt 0.429167 0.333687
vt 0.516333 0.000856
vt 0.429167 0.312500
vt 0.514820 0.014699
vt 0.513576 0.026057
vt 0.433333 0.381301
vt 0.433333 0.356817
vt 0.433333 0.333687
vt 0.500000 -0.000000
vt 0.433333 0.312500
vt 0.500000 0.013923
vt 0.500000 0.025346
vt 0.437500 0.381301
vt 0.437500 0.356817
vt 0.437500 0.333687
vt 0.483667 0.000856
vt 0.437500 0.312500
vt 0.485180 0.014699
vt 0.486424 0.026056
vt 0.441667 0.381301
vt 0.441667 0.356817
vt 0.441667 0.333687
vt 0.467514 0.003414
vt 0.441667 0.312500
vt 0.470522 0.017021
vt 0.472997 0.028183
vt 0.445833 0.381301
vt 0.445833 0.356817
vt 0.445833 0.333687
vt 0.451716 0.007647
vt 0.445833 0.312500
vt 0.456187 0.020862
vt 0.459865 0.031702
vt 0.450000 0.381301
vt 0.450000 0.356817
vt 0.450000 0.333687
vt 0.436447 0.013508
vt 0.450000 0.312500
vt 0.442332 0.026180
vt 0.447174 0.036574
vt 0.454167 0.381301
vt 0.454167 0.356817
vt 0.454167 0.333687
vt 0.421875 0.020933
vt 0.454167 0.312500
vt 0.429109 0.032918
vt 0.435061 0.042746
vt 0.458333 0.381301
vt 0.458333 0.356817
vt 0.458333 0.333687
vt 0.408158 0.029841
vt 0.458333 0.312500
vt 0.416663 0.041000
vt 0.423659 0.050150
vt 0.462500 0.381301
vt 0.462500 0.356817
vt 0.462500 0.333687
vt 0.395448 0.040134
vt 0.462500 0.312500
vt 0.405130 0.050340
vt 0.413094 0.058705
vt 0.466667 0.381301
vt 0.466667 0.356817
vt 0.466667 0.333687
vt 0.383884 0.051698
vt 0.466667 0.312500
vt 0.394636 0.060834
vt 0.403482 0.068318
vt 0.470833 0.381301
vt 0.470833 0.356817
vt 0.470833 0.333687
vt 0.373591 0.064409
vt 0.470833 0.312500
vt 0.385297 0.072367
vt 0.394926 0.078883
vt 0.475000 0.381301
vt 0.475000 0.356817
vt 0.475000 0.333687
vt 0.364683 0.078125
vt 0.475000 0.312500
vt 0.377214 0.084813
vt 0.387522 0.090284
vt 0.479167 0.381301
vt 0.479167 0.356817
vt 0.479167 0.333687
vt 0.357258 0.092697
vt 0.479167 0.312500
vt 0.370476 0.098036
vt 0.381350 0.102397
vt 0.483333 0.381301
vt 0.483333 0.356817
vt 0.483333 0.333687
vt 0.351397 0.107966
vt 0.483333 0.312500
vt 0.365158 0.111891
vt 0.376478 0.115089
vt 0.487500 0.381301
vt 0.487500 0.356817
vt 0.487500 0.333687
vt 0.347164 0.123764
vt 0.487500 0.312500
vt 0.361317 0.126226
vt 0.372960 0.128220
vt 0.491667 0.381301
vt 0.491667 0.356817
vt 0.491667 0.333687
vt 0.344606 0.139917
vt 0.491667 0.312500
vt 0.358996 0.140884
vt 0.370834 0.141648
vt 0.495833 0.381301
vt 0.495833 0.356817
vt 0.495833 0.333687
vt 0.343750 0.156250
vt 0.495833 0.312500
vt 0.358219 0.155704
vt 0.370122 0.155224
vt 0.500000 0.381301
vt 0.500000 0.356817
vt 0.500000 0.333687
vt 0.344606 0.172583
vt 0.500000 0.312500
vt 0.358996 0.170524
vt 0.370833 0.168800
vt 0.504167 0.381301
vt 0.504167 0.356817
vt 0.504167 0.333687
vt 0.347164 0.188736
vt 0.504167 0.312500
vt 0.361317 0.185182
vt 0.372960 0.182227
vt 0.508333 0.381300
vt 0.508333 0.356817
vt 0.508333 0.333687
vt 0.351397 0.204534
vt 0.508333 0.312500
vt 0.365158 0.199517
vt 0.376478 0.195358
vt 0.512500 0.381301
vt 0.512500 0.356817
vt 0.512500 0.333687
vt 0.357258 0.219803
vt 0.512500 0.312500
vt 0.370476 0.213371
vt 0.381350 0.208050
vt 0.516667 0.381301
vt 0.516667 0.356817
vt 0.516667 0.333687
vt 0.364684 0.234375
vt 0.516667 0.312500
vt 0.377214 0.226594
vt 0.387522 0.220163
vt 0.520833 0.381301
vt 0.520833 0.356817
vt 0.520833 0.333687
vt 0.373591 0.248091
vt 0.520833 0.312500
vt 0.385296 0.239041
vt 0.394926 0.231564
vt 0.525000 0.381302
vt 0.525000 0.356817
vt 0.525000 0.333687
vt 0.383884 0.260802
vt 0.525000 0.312500
vt 0.394636 0.250574
vt 0.403481 0.242130
vt 0.529167 0.381302
vt 0.529167 0.356817
vt 0.529167 0.333687
vt 0.395448 0.272366
vt 0.529167 0.312500
vt 0.405130 0.261068
vt 0.413095 0.251742
vt 0.533333 0.381301
vt 0.533333 0.356817
vt 0.533333 0.333687
vt 0.408159 0.282659
vt 0.533333 0.312500
vt 0.416663 0.270407
vt 0.423659 0.260298
vt 0.537500 0.381301
vt 0.537500 0.356817
vt 0.537500 0.333687
vt 0.421875 0.291566
vt 0.537500 0.312500
vt 0.429109 0.278490
vt 0.435061 0.267702
vt 0.541667 0.381301
vt 0.541667 0.356817
vt 0.541667 0.333687
vt 0.436447 0.298992
vt 0.541667 0.312500
vt 0.442332 0.285228
vt 0.447174 0.273874
vt 0.545833 0.381301
vt 0.545833 0.356817
vt 0.545833 0.333687
vt 0.451716 0.304853
vt 0.545833 0.312500
vt 0.456187 0.290546
vt 0.459865 0.278746
vt 0.550000 0.381301
vt 0.550000 0.356817
vt 0.550000 0.333687
vt 0.467514 0.309086
vt 0.550000 0.312500
vt 0.470522 0.294387
vt 0.472997 0.282264
vt 0.554166 0.381301
vt 0.554166 0.356817
vt 0.554166 0.333687
vt 0.483667 0.311644
vt 0.554166 0.312500
vt 0.485180 0.296708
vt 0.486424 0.284391
vt 0.558333 0.381301
vt 0.558333 0.356817
vt 0.558333 0.333687
vt 0.500000 0.312500
vt 0.558333 0.312500
vt 0.500000 0.297485
vt 0.500000 0.285102
vt 0.562500 0.381301
vt 0.562500 0.356817
vt 0.562500 0.333687
vt 0.516333 0.311644
vt 0.562500 0.312500
vt 0.514820 0.296708
vt 0.513576 0.284391
vt 0.566666 0.381301
vt 0.566666 0.356817
vt 0.566666 0.333687
vt 0.532486 0.309086
vt 0.566666 0.312500
vt 0.529478 0.294387
vt 0.527003 0.282264
vt 0.570833 0.381301
vt 0.570833 0.356817
vt 0.570833 0.333687
vt 0.548284 0.304853
vt 0.570833 0.312500
vt 0.543813 0.290546
vt 0.540135 0.278746
vt 0.575000 0.381301
vt 0.575000 0.356817
vt 0.575000 0.333687
vt 0.563553 0.298992
vt 0.575000 0.312500
vt 0.557668 0.285227
vt 0.552826 0.273873
vt 0.579166 0.381301
vt 0.579166 0.356817
vt 0.579166 0.333687
vt 0.578125 0.291566
vt 0.579166 0.312500
vt 0.570891 0.278490
vt 0.564939 0.267702
vt 0.583333 0.381301
vt 0.583333 0.356817
vt 0.583333 0.333687
vt 0.591841 0.282659
vt 0.583333 0.312500
vt 0.583337 0.270407
vt 0.576341 0.260297
vt 0.587500 0.381301
vt 0.587500 0.356816
vt 0.587500 0.333686
vt 0.604552 0.272366
vt 0.587500 0.312500
vt 0.594870 0.261068
vt 0.586906 0.251742
vt 0.591666 0.381299
vt 0.591666 0.356815
vt 0.591666 0.333685
vt 0.616116 0.260802
vt 0.591666 0.312500
vt 0.605364 0.250574
vt 0.596519 0.242130
vt 0.595833 0.381297
vt 0.595833 0.356812
vt 0.595833 0.333683
vt 0.626409 0.248091
vt 0.595833 0.312500
vt 0.614704 0.239041
vt 0.605074 0.231565
vt 0.600000 0.381292
vt 0.600000 0.356805
vt 0.600000 0.333679
vt 0.635316 0.234375
vt 0.600000 0.312500
vt 0.622786 0.226595
vt 0.612478 0.220163
vt 0.604166 0.381282
vt 0.604166 0.356792
vt 0.604166 0.333670
vt 0.642742 0.219803
vt 0.604166 0.312500
vt 0.629524 0.213371
vt 0.618650 0.208050
vt 0.608333 0.381261
vt 0.608333 0.356764
vt 0.608333 0.333652
vt 0.648603 0.204534
vt 0.608333 0.312500
vt 0.634842 0.199517
vt 0.623522 0.195358
vt 0.612500 0.381218
vt 0.612500 0.356704
vt 0.612500 0.333611
vt 0.652836 0.188736
vt 0.612500 0.312500
vt 0.638683 0.185182
vt 0.627041 0.182227
vt 0.616666 0.381131
vt 0.616666 0.356578
vt 0.616666 0.333521
vt 0.655394 0.172583
vt 0.616666 0.312500
vt 0.641005 0.170524
vt 0.629167 0.168800
vt 0.620833 0.380954
vt 0.620833 0.356311
vt 0.620833 0.333314
vt 0.656250 0.156250
vt 0.620833 0.312500
vt 0.641781 0.155704
vt 0.629878 0.155224
vt 0.375000 0.620324
vt 0.625000 0.620325
vt 0.375000 0.645185
vt 0.625000 0.645185
vt 0.375000 0.668131
vt 0.625000 0.668131
vt 0.375000 0.688440
vt 0.655394 0.860083
vt 0.625000 0.688440
vt 0.641004 0.858024
vt 0.629166 0.856300
vt 0.379167 0.619984
vt 0.379167 0.644628
vt 0.379167 0.667625
vt 0.379167 0.688440
vt 0.652836 0.876236
vt 0.638683 0.872682
vt 0.627040 0.869727
vt 0.383333 0.619808
vt 0.383333 0.644361
vt 0.383333 0.667418
vt 0.383333 0.688440
vt 0.648603 0.892034
vt 0.634842 0.887017
vt 0.623521 0.882858
vt 0.387500 0.619719
vt 0.387500 0.644234
vt 0.387500 0.667328
vt 0.387500 0.688440
vt 0.642742 0.907303
vt 0.629524 0.900871
vt 0.618650 0.895550
vt 0.391667 0.619677
vt 0.391667 0.644175
vt 0.391667 0.667287
vt 0.391667 0.688440
vt 0.635316 0.921875
vt 0.622786 0.914094
vt 0.612478 0.907663
vt 0.395833 0.619656
vt 0.395833 0.644147
vt 0.395833 0.667269
vt 0.395833 0.688440
vt 0.626409 0.935591
vt 0.614703 0.926541
vt 0.605074 0.919064
vt 0.400000 0.619646
vt 0.400000 0.644133
vt 0.400000 0.667260
vt 0.400000 0.688440
vt 0.616116 0.948302
vt 0.605364 0.938074
vt 0.596518 0.929629
vt 0.404167 0.619642
vt 0.404167 0.644127
vt 0.404167 0.667256
vt 0.404167 0.688440
vt 0.604552 0.959866
vt 0.594870 0.948568
vt 0.586905 0.939242
vt 0.408333 0.619639
vt 0.408333 0.644124
vt 0.408333 0.667254
vt 0.408333 0.688440
vt 0.591841 0.970159
vt 0.583337 0.957907
vt 0.576340 0.947797
vt 0.412500 0.619638
vt 0.412500 0.644123
vt 0.412500 0.667253
vt 0.412500 0.688440
vt 0.578125 0.979066
vt 0.570890 0.965990
vt 0.564939 0.955201
vt 0.416667 0.619638
vt 0.416667 0.644122
vt 0.416667 0.667253
vt 0.416667 0.688440
vt 0.563553 0.986492
vt 0.557668 0.972727
vt 0.552826 0.961374
vt 0.420833 0.619638
vt 0.420833 0.644122
vt 0.420833 0.667253
vt 0.420833 0.688440
vt 0.548284 0.992353
vt 0.543813 0.978046
vt 0.540135 0.966246
vt 0.425000 0.619637
vt 0.425000 0.644122
vt 0.425000 0.667253
vt 0.425000 0.688440
vt 0.532486 0.996586
vt 0.529478 0.981887
vt 0.527003 0.969763
vt 0.429167 0.619637
vt 0.429167 0.644122
vt 0.429167 0.667252
vt 0.429167 0.688440
vt 0.516333 0.999144
vt 0.514820 0.984208
vt 0.513576 0.971890
vt 0.433333 0.619637
vt 0.433333 0.644122
vt 0.433333 0.667252
vt 0.433333 0.688440
vt 0.500000 1.000000
vt 0.500000 0.984985
vt 0.500000 0.972602
vt 0.437500 0.619637
vt 0.437500 0.644122
vt 0.437500 0.667252
vt 0.437500 0.688440
vt 0.483667 0.999144
vt 0.485180 0.984208
vt 0.486424 0.971891
vt 0.441667 0.619637
vt 0.441667 0.644122
vt 0.441667 0.667252
vt 0.441667 0.688440
vt 0.467514 0.996586
vt 0.470522 0.981887
vt 0.472997 0.969764
vt 0.445833 0.619637
vt 0.445833 0.644122
vt 0.445833 0.667252
vt 0.445833 0.688440
vt 0.451716 0.992353
vt 0.456187 0.978046
vt 0.459865 0.966246
vt 0.450000 0.619637
vt 0.450000 0.644122
vt 0.450000 0.667252
vt 0.450000 0.688440
vt 0.436447 0.986492
vt 0.442332 0.972727
vt 0.447174 0.961373
vt 0.454167 0.619637
vt 0.454167 0.644122
vt 0.454167 0.667252
vt 0.454167 0.688440
vt 0.421875 0.979066
vt 0.429109 0.965990
vt 0.435061 0.955201
vt 0.458333 0.619637
vt 0.458333 0.644122
vt 0.458333 0.667252
vt 0.458333 0.688440
vt 0.408159 0.970159
vt 0.416663 0.957907
vt 0.423659 0.947797
vt 0.462500 0.619637
vt 0.462500 0.644122
vt 0.462500 0.667252
vt 0.462500 0.688440
vt 0.395448 0.959866
vt 0.405130 0.948568
vt 0.413094 0.939242
vt 0.466667 0.619637
vt 0.466667 0.644122
vt 0.466667 0.667252
vt 0.466667 0.688440
vt 0.383884 0.948302
vt 0.394636 0.938074
vt 0.403482 0.929629
vt 0.470833 0.619637
vt 0.470833 0.644122
vt 0.470833 0.667252
vt 0.470833 0.688440
vt 0.373591 0.935591
vt 0.385297 0.926541
vt 0.394926 0.919064
vt 0.475000 0.619637
vt 0.475000 0.644122
vt 0.475000 0.667252
vt 0.475000 0.688440
vt 0.364684 0.921875
vt 0.377214 0.914094
vt 0.387522 0.907663
vt 0.479167 0.619637
vt 0.479167 0.644122
vt 0.479167 0.667252
vt 0.479167 0.688440
vt 0.357258 0.907303
vt 0.370476 0.900871
vt 0.381350 0.895550
vt 0.483333 0.619637
vt 0.483333 0.644122
vt 0.483333 0.667252
vt 0.483333 0.688440
vt 0.351397 0.892034
vt 0.365158 0.887017
vt 0.376478 0.882859
vt 0.487500 0.619637
vt 0.487500 0.644122
vt 0.487500 0.667252
vt 0.487500 0.688440
vt 0.347164 0.876236
vt 0.361317 0.872682
vt 0.372960 0.869727
vt 0.491667 0.619637
vt 0.491667 0.644122
vt 0.491667 0.667252
vt 0.491667 0.688440
vt 0.344606 0.860083
vt 0.358996 0.858024
vt 0.370834 0.856300
vt 0.495833 0.619637
vt 0.495833 0.644122
vt 0.495833 0.667252
vt 0.495833 0.688440
vt 0.343750 0.843750
vt 0.358219 0.843204
vt 0.370122 0.842724
vt 0.500000 0.619637
vt 0.500000 0.644122
vt 0.500000 0.667252
vt 0.500000 0.688440
vt 0.344606 0.827417
vt 0.358996 0.828384
vt 0.370833 0.829148
vt 0.504167 0.619637
vt 0.504167 0.644122
vt 0.504167 0.667252
vt 0.504167 0.688440
vt 0.347164 0.811264
vt 0.361317 0.813726
vt 0.372960 0.815720
vt 0.508333 0.619637
vt 0.508333 0.644122
vt 0.508333 0.667252
vt 0.508333 0.688440
vt 0.351397 0.795466
vt 0.365158 0.799391
vt 0.376478 0.802589
vt 0.512500 0.619637
vt 0.512500 0.644122
vt 0.512500 0.667252
vt 0.512500 0.688440
vt 0.357258 0.780197
vt 0.370476 0.785536
vt 0.381350 0.789897
vt 0.516667 0.619637
vt 0.516667 0.644122
vt 0.516667 0.667252
vt 0.516667 0.688440
vt 0.364683 0.765625
vt 0.377214 0.772313
vt 0.387522 0.777784
vt 0.520833 0.619637
vt 0.520833 0.644122
vt 0.520833 0.667252
vt 0.520833 0.688440
vt 0.373591 0.751909
vt 0.385296 0.759867
vt 0.394926 0.766383
vt 0.525000 0.619637
vt 0.525000 0.644122
vt 0.525000 0.667252
vt 0.525000 0.688440
vt 0.383884 0.739198
vt 0.394636 0.748334
vt 0.403481 0.755818
vt 0.529167 0.619637
vt 0.529167 0.644122
vt 0.529167 0.667252
vt 0.529167 0.688440
vt 0.395448 0.727634
vt 0.405130 0.737840
vt 0.413094 0.746205
vt 0.533333 0.619637
vt 0.533333 0.644122
vt 0.533333 0.667252
vt 0.533333 0.688440
vt 0.408158 0.717341
vt 0.416663 0.728500
vt 0.423659 0.737650
vt 0.537500 0.619637
vt 0.537500 0.644122
vt 0.537500 0.667252
vt 0.537500 0.688440
vt 0.421875 0.708433
vt 0.429109 0.720417
vt 0.435061 0.730245
vt 0.541667 0.619637
vt 0.541667 0.644122
vt 0.541667 0.667252
vt 0.541667 0.688440
vt 0.436447 0.701008
vt 0.442332 0.713680
vt 0.447173 0.724073
vt 0.545833 0.619637
vt 0.545833 0.644122
vt 0.545833 0.667252
vt 0.545833 0.688440
vt 0.451716 0.695147
vt 0.456187 0.708362
vt 0.459865 0.719202
vt 0.550000 0.619637
vt 0.550000 0.644122
vt 0.550000 0.667252
vt 0.550000 0.688440
vt 0.467514 0.690914
vt 0.470522 0.704521
vt 0.472997 0.715683
vt 0.554166 0.619637
vt 0.554166 0.644122
vt 0.554166 0.667252
vt 0.554166 0.688440
vt 0.483667 0.688356
vt 0.485180 0.702199
vt 0.486424 0.713556
vt 0.558333 0.619637
vt 0.558333 0.644122
vt 0.558333 0.667252
vt 0.558333 0.688440
vt 0.500000 0.687500
vt 0.500000 0.701422
vt 0.500000 0.712845
vt 0.562500 0.619637
vt 0.562500 0.644122
vt 0.562500 0.667252
vt 0.562500 0.688440
vt 0.516333 0.688356
vt 0.514820 0.702199
vt 0.513576 0.713557
vt 0.566666 0.619637
vt 0.566666 0.644122
vt 0.566666 0.667253
vt 0.566666 0.688440
vt 0.532486 0.690914
vt 0.529478 0.704521
vt 0.527003 0.715683
vt 0.570833 0.619638
vt 0.570833 0.644122
vt 0.570833 0.667253
vt 0.570833 0.688440
vt 0.548284 0.695147
vt 0.543813 0.708362
vt 0.540135 0.719202
vt 0.575000 0.619638
vt 0.575000 0.644122
vt 0.575000 0.667253
vt 0.575000 0.688440
vt 0.563553 0.701008
vt 0.557668 0.713680
vt 0.552826 0.724074
vt 0.579166 0.619637
vt 0.579166 0.644122
vt 0.579166 0.667253
vt 0.579166 0.688440
vt 0.578125 0.708433
vt 0.570891 0.720418
vt 0.564939 0.730246
vt 0.583333 0.619638
vt 0.583333 0.644122
vt 0.583333 0.667253
vt 0.583333 0.688440
vt 0.591842 0.717341
vt 0.583337 0.728500
vt 0.576341 0.737650
vt 0.587500 0.619638
vt 0.587500 0.644123
vt 0.587500 0.667253
vt 0.587500 0.688440
vt 0.604552 0.727634
vt 0.594870 0.737840
vt 0.586906 0.746205
vt 0.591666 0.619639
vt 0.591666 0.644124
vt 0.591666 0.667254
vt 0.591666 0.688440
vt 0.616116 0.739198
vt 0.605364 0.748333
vt 0.596519 0.755818
vt 0.595833 0.619641
vt 0.595833 0.644127
vt 0.595833 0.667256
vt 0.595833 0.688440
vt 0.626409 0.751908
vt 0.614704 0.759867
vt 0.605074 0.766383
vt 0.600000 0.619646
vt 0.600000 0.644133
vt 0.600000 0.667260
vt 0.600000 0.688440
vt 0.635317 0.765625
vt 0.622786 0.772313
vt 0.612478 0.777784
vt 0.604166 0.619655
vt 0.604166 0.644146
vt 0.604166 0.667269
vt 0.604166 0.688440
vt 0.642742 0.780197
vt 0.629524 0.785536
vt 0.618650 0.789897
vt 0.608333 0.619676
vt 0.608333 0.644174
vt 0.608333 0.667287
vt 0.608333 0.688440
vt 0.648603 0.795466
vt 0.634842 0.799391
vt 0.623522 0.802589
vt 0.612500 0.619719
vt 0.612500 0.644234
vt 0.612500 0.667328
vt 0.612500 0.688440
vt 0.652836 0.811264
vt 0.638683 0.813726
vt 0.627041 0.815720
vt 0.616666 0.619808
vt 0.616666 0.644361
vt 0.616666 0.667418
vt 0.616666 0.688440
vt 0.655394 0.827417
vt 0.641005 0.828384
vt 0.629167 0.829148
vt 0.620833 0.619984
vt 0.620833 0.644629
vt 0.620833 0.667626
vt 0.656250 0.843750
vt 0.620833 0.688440
vt 0.641781 0.843204
vt 0.629878 0.842724
vn -0.994460 0.011226 0.104517
vn -0.994460 -0.011226 0.104517
vn -0.978086 -0.011226 0.207899
vn -0.978086 0.011226 0.207899
vn -0.950996 -0.011226 0.308998
vn -0.950996 0.011226 0.308998
vn -0.913488 -0.011226 0.406711
vn -0.913488 0.011226 0.406711
vn -0.865971 -0.011226 0.499968
vn -0.865971 0.011226 0.499968
vn -0.808966 -0.011226 0.587749
vn -0.808966 0.011226 0.587749
vn -0.743097 -0.011226 0.669089
vn -0.743097 0.011226 0.669089
vn -0.669088 -0.011226 0.743098
vn -0.669088 0.011226 0.743098
vn -0.587748 -0.011226 0.808966
vn -0.587748 0.011226 0.808966
vn -0.499968 -0.011226 0.865971
vn -0.499968 0.011226 0.865971
vn -0.406710 -0.011226 0.913488
vn -0.406710 0.011226 0.913488
vn -0.308998 -0.011226 0.950997
vn -0.308998 0.011226 0.950997
vn -0.207899 -0.011226 0.978086
vn -0.207899 0.011226 0.978086
vn -0.104521 -0.011226 0.994459
vn -0.104521 0.011226 0.994459
vn -0.000000 -0.011226 0.999937
vn -0.000000 0.011226 0.999937
vn 0.104521 -0.011226 0.994459
vn 0.104521 0.011226 0.994459
vn 0.207899 -0.011226 0.978086
vn 0.207899 0.011226 0.978086
vn 0.308998 -0.011226 0.950996
vn 0.308998 0.011226 0.950997
vn 0.406711 -0.011226 0.913488
vn 0.406711 0.011226 0.913488
vn 0.499969 -0.011226 0.865971
vn 0.499969 0.011226 0.865971
vn 0.587749 -0.011226 0.808966
vn 0.587749 0.011226 0.808966
vn 0.669089 -0.011226 0.743098
vn 0.669089 0.011226 0.743098
vn 0.743098 -0.011226 0.669088
vn 0.743098 0.011226 0.669088
vn 0.808966 -0.011226 0.587748
vn 0.808966 0.011226 0.587748
vn 0.865971 -0.011226 0.499968
vn 0.865971 0.011226 0.499968
vn 0.913488 -0.011226 0.406710
vn 0.913488 0.011226 0.406710
vn 0.950997 -0.011226 0.308997
vn 0.950997 0.011226 0.308997
vn 0.978086 -0.011226 0.207899
vn 0.978086 0.011226 0.207899
vn 0.994459 -0.011226 0.104523
vn 0.994459 0.011226 0.104523
vn 0.999937 -0.011226 -0.000000
vn 0.999937 0.011226 -0.000000
vn 0.994459 -0.011226 -0.104523
vn 0.994459 0.011226 -0.104523
vn 0.978086 -0.011226 -0.207898
vn 0.978086 0.011226 -0.207898
vn 0.950997 -0.011226 -0.308998
vn 0.950997 0.011226 -0.308998
vn 0.913488 -0.011226 -0.406712
vn 0.913488 0.011226 -0.406712
vn 0.865971 -0.011226 -0.499969
vn 0.865971 0.011226 -0.499969
vn 0.808966 -0.011226 -0.587748
vn 0.808966 0.011226 -0.587748
vn 0.743098 -0.011226 -0.669089
vn 0.743098 0.011226 -0.669089
vn 0.669088 -0.011226 -0.743098
vn 0.669088 0.011226 -0.743098
vn 0.587747 -0.011226 -0.808967
vn 0.587747 0.011226 -0.808967
vn 0.499968 -0.011226 -0.865971
vn 0.499968 0.011226 -0.865971
vn 0.406711 -0.011226 -0.913488
vn 0.406711 0.011226 -0.913488
vn 0.308997 -0.011226 -0.950997
vn 0.308997 0.011226 -0.950997
vn 0.207898 -0.011226 -0.978086
vn 0.207898 0.011226 -0.978086
vn 0.104522 -0.011226 -0.994459
vn 0.104522 0.011226 -0.994459
vn -0.000000 -0.011226 -0.999937
vn -0.000000 0.011226 -0.999937
vn -0.104522 -0.011226 -0.994459
vn -0.104522 0.011226 -0.994459
vn -0.207898 -0.011226 -0.978086
vn -0.207898 0.011226 -0.978086
vn -0.308998 -0.011226 -0.950997
vn -0.308998 0.011226 -0.950997
vn -0.406711 -0.011226 -0.913488
vn -0.406711 0.011226 -0.913488
vn -0.499969 -0.011226 -0.865971
vn -0.499969 0.011226 -0.865971
vn -0.587749 -0.011226 -0.808966
vn -0.587749 0.011226 -0.808966
vn -0.669088 -0.011226 -0.743098
vn -0.669088 0.011226 -0.743098
vn -0.743098 -0.011226 -0.669088
vn -0.743098 0.011226 -0.669088
vn -0.808966 -0.011226 -0.587748
vn -0.808966 0.011226 -0.587748
vn -0.865971 -0.011226 -0.499968
vn -0.865971 0.011226 -0.499968
vn -0.913488 -0.011226 -0.406711
vn -0.913488 0.011226 -0.406711
vn -0.950997 -0.011226 -0.308998
vn -0.950997 0.011226 -0.308998
vn -0.978086 -0.011226 -0.207898
vn -0.978086 0.011226 -0.207898
vn -0.994459 -0.011226 -0.104521
vn -0.994459 0.011226 -0.104521
vn -0.999937 -0.011226 -0.000004
vn -0.999937 0.011226 -0.000004
vn -0.014461 0.999891 0.003074
vn 0.000000 1.000000 0.000000
vn -0.014703 0.999891 0.001545
vn -0.014060 0.999891 0.004569
vn -0.013506 0.999891 0.006013
vn -0.012803 0.999891 0.007392
vn -0.011960 0.999891 0.008690
vn -0.010987 0.999891 0.009892
vn -0.009892 0.999891 0.010987
vn -0.008690 0.999891 0.011960
vn -0.007392 0.999891 0.012803
vn -0.006013 0.999891 0.013506
vn -0.004568 0.999891 0.014060
vn -0.003074 0.999891 0.014461
vn -0.001545 0.999891 0.014703
vn -0.000000 0.999891 0.014784
vn 0.001545 0.999891 0.014703
vn 0.003074 0.999891 0.014461
vn 0.004569 0.999891 0.014060
vn 0.006013 0.999891 0.013506
vn 0.007392 0.999891 0.012803
vn 0.008690 0.999891 0.011961
vn 0.009892 0.999891 0.010987
vn 0.010987 0.999891 0.009892
vn 0.011961 0.999891 0.008690
vn 0.012803 0.999891 0.007392
vn 0.013506 0.999891 0.006013
vn 0.014060 0.999891 0.004569
vn 0.014461 0.999891 0.003074
vn 0.014703 0.999891 0.001545
vn 0.014784 0.999891 -0.000000
vn 0.014703 0.999891 -0.001545
vn 0.014461 0.999891 -0.003074
vn 0.014060 0.999891 -0.004569
vn 0.013506 0.999891 -0.006013
vn 0.012803 0.999891 -0.007392
vn 0.011961 0.999891 -0.008690
vn 0.010987 0.999891 -0.009892
vn 0.009892 0.999891 -0.010987
vn 0.008690 0.999891 -0.011961
vn 0.007392 0.999891 -0.012803
vn 0.006013 0.999891 -0.013506
vn 0.004569 0.999891 -0.014060
vn 0.003074 0.999891 -0.014461
vn 0.001545 0.999891 -0.014703
vn 0.000000 0.999891 -0.014784
vn -0.001545 0.999891 -0.014703
vn -0.003074 0.999891 -0.014461
vn -0.004569 0.999891 -0.014060
vn -0.006013 0.999891 -0.013506
vn -0.007392 0.999891 -0.012803
vn -0.008690 0.999891 -0.011961
vn -0.009892 0.999891 -0.010987
vn -0.010987 0.999891 -0.009892
vn -0.011960 0.999891 -0.008690
vn -0.012803 0.999891 -0.007392
vn -0.013506 0.999891 -0.006013
vn -0.014060 0.999891 -0.004569
vn -0.014461 0.999891 -0.003074
vn -0.014703 0.999891 -0.001545
vn -0.014784 0.999891 -0.000000
vn -0.014703 -0.999891 0.001545
vn 0.000000 -1.000000 -0.000000
vn -0.014461 -0.999891 0.003073
vn -0.014061 -0.999891 0.004569
vn -0.013506 -0.999891 0.006014
vn -0.012804 -0.999891 0.007392
vn -0.011961 -0.999891 0.008690
vn -0.010987 -0.999891 0.009893
vn -0.009893 -0.999891 0.010987
vn -0.008690 -0.999891 0.011961
vn -0.007392 -0.999891 0.012803
vn -0.006013 -0.999891 0.013506
vn -0.004569 -0.999891 0.014061
vn -0.003074 -0.999891 0.014461
vn -0.001545 -0.999891 0.014703
vn 0.000000 -0.999891 0.014784
vn 0.001545 -0.999891 0.014703
vn 0.003074 -0.999891 0.014461
vn 0.004569 -0.999891 0.014061
vn 0.006013 -0.999891 0.013506
vn 0.007392 -0.999891 0.012803
vn 0.008690 -0.999891 0.011961
vn 0.009893 -0.999891 0.010987
vn 0.010987 -0.999891 0.009893
vn 0.011961 -0.999891 0.008690
vn 0.012804 -0.999891 0.007391
vn 0.013506 -0.999891 0.006013
vn 0.014061 -0.999891 0.004569
vn 0.014461 -0.999891 0.003075
vn 0.014703 -0.999891 0.001546
vn 0.014784 -0.999891 -0.000000
vn 0.014703 -0.999891 -0.001546
vn 0.014461 -0.999891 -0.003075
vn 0.014061 -0.999891 -0.004568
vn 0.013506 -0.999891 -0.006013
vn 0.012804 -0.999891 -0.007392
vn 0.011961 -0.999891 -0.008690
vn 0.010987 -0.999891 -0.009893
vn 0.009893 -0.999891 -0.010987
vn 0.008690 -0.999891 -0.011960
vn 0.007392 -0.999891 -0.012803
vn 0.006013 -0.999891 -0.013506
vn 0.004569 -0.999891 -0.014061
vn 0.003074 -0.999891 -0.014461
vn 0.001545 -0.999891 -0.014703
vn -0.000000 -0.999891 -0.014784
vn -0.001545 -0.999891 -0.014703
vn -0.003074 -0.999891 -0.014461
vn -0.004569 -0.999891 -0.014061
vn -0.006013 -0.999891 -0.013506
vn -0.007392 -0.999891 -0.012803
vn -0.008690 -0.999891 -0.011961
vn -0.009893 -0.999891 -0.010987
vn -0.010987 -0.999891 -0.009892
vn -0.011961 -0.999891 -0.008690
vn -0.012804 -0.999891 -0.007392
vn -0.013506 -0.999891 -0.006014
vn -0.014061 -0.999891 -0.004569
vn -0.014461 -0.999891 -0.003074
vn -0.014703 -0.999891 -0.001546
vn -0.014784 -0.999891 -0.000000
vn -0.227938 0.973381 0.023956
vn -0.224184 0.973381 0.047652
vn -0.436778 0.898397 0.045905
vn -0.429587 0.898397 0.091312
vn -0.623790 0.778838 0.065560
vn -0.613519 0.778838 0.130408
vn -0.779782 0.620664 0.081955
vn -0.766943 0.620664 0.163019
vn -0.897069 0.431716 0.094282
vn -0.882298 0.431716 0.187539
vn -0.953884 0.221351 0.202755
vn -0.969853 0.221350 0.101931
vn -0.217975 0.973381 0.070825
vn -0.417689 0.898397 0.135715
vn -0.596527 0.778838 0.193824
vn -0.745701 0.620664 0.242294
vn -0.857862 0.431716 0.278737
vn -0.927465 0.221351 0.301352
vn -0.209378 0.973381 0.093221
vn -0.401214 0.898397 0.178632
vn -0.572998 0.778838 0.255116
vn -0.716290 0.620664 0.318913
vn -0.824027 0.431716 0.366880
vn -0.890884 0.221350 0.396647
vn -0.198487 0.973381 0.114597
vn -0.380345 0.898397 0.219592
vn -0.543193 0.778838 0.313613
vn -0.679030 0.620664 0.392038
vn -0.781163 0.431716 0.451005
vn -0.844543 0.221350 0.487597
vn -0.185421 0.973381 0.134716
vn -0.355307 0.898397 0.258146
vn -0.507436 0.778838 0.368674
vn -0.634331 0.620664 0.460869
vn -0.729741 0.431716 0.530188
vn -0.788949 0.221350 0.573205
vn -0.170323 0.973381 0.153360
vn -0.326377 0.898397 0.293872
vn -0.466119 0.778838 0.419696
vn -0.582682 0.620665 0.524650
vn -0.670324 0.431716 0.603562
vn -0.724710 0.221350 0.652533
vn -0.153360 0.973381 0.170324
vn -0.293871 0.898397 0.326377
vn -0.419695 0.778838 0.466119
vn -0.524649 0.620664 0.582683
vn -0.603562 0.431716 0.670324
vn -0.652532 0.221350 0.724711
vn -0.134716 0.973381 0.185421
vn -0.258146 0.898397 0.355307
vn -0.368674 0.778838 0.507436
vn -0.460869 0.620664 0.634331
vn -0.530188 0.431716 0.729741
vn -0.573205 0.221351 0.788949
vn -0.114596 0.973381 0.198487
vn -0.219592 0.898397 0.380345
vn -0.313612 0.778838 0.543193
vn -0.392038 0.620665 0.679030
vn -0.451005 0.431716 0.781163
vn -0.487597 0.221350 0.844543
vn -0.093221 0.973381 0.209378
vn -0.178632 0.898397 0.401215
vn -0.255115 0.778838 0.572999
vn -0.318912 0.620664 0.716290
vn -0.366879 0.431716 0.824027
vn -0.396646 0.221350 0.890885
vn -0.070824 0.973381 0.217976
vn -0.135715 0.898397 0.417689
vn -0.193823 0.778838 0.596527
vn -0.242293 0.620664 0.745701
vn -0.278736 0.431716 0.857862
vn -0.301352 0.221351 0.927465
vn -0.047652 0.973381 0.224184
vn -0.091311 0.898397 0.429587
vn -0.130407 0.778838 0.613519
vn -0.163019 0.620664 0.766942
vn -0.187539 0.431716 0.882298
vn -0.202755 0.221350 0.953884
vn -0.023957 0.973381 0.227937
vn -0.045907 0.898397 0.436778
vn -0.065563 0.778838 0.623789
vn -0.081958 0.620665 0.779781
vn -0.094285 0.431716 0.897068
vn -0.101935 0.221350 0.969852
vn 0.000000 0.973381 0.229193
vn 0.000000 0.898397 0.439184
vn 0.000000 0.778838 0.627225
vn -0.000000 0.620665 0.784076
vn -0.000000 0.431716 0.902010
vn -0.000000 0.221350 0.975195
vn 0.023957 0.973381 0.227937
vn 0.045907 0.898397 0.436778
vn 0.065563 0.778838 0.623789
vn 0.081958 0.620665 0.779781
vn 0.094285 0.431716 0.897068
vn 0.101935 0.221350 0.969852
vn 0.047652 0.973381 0.224184
vn 0.091312 0.898397 0.429587
vn 0.130408 0.778838 0.613519
vn 0.163019 0.620664 0.766942
vn 0.187539 0.431716 0.882298
vn 0.202755 0.221351 0.953884
vn 0.070825 0.973381 0.217975
vn 0.135715 0.898397 0.417688
vn 0.193823 0.778838 0.596527
vn 0.242293 0.620664 0.745701
vn 0.278737 0.431716 0.857862
vn 0.301352 0.221351 0.927465
vn 0.093221 0.973381 0.209378
vn 0.178632 0.898397 0.401214
vn 0.255116 0.778838 0.572999
vn 0.318913 0.620664 0.716290
vn 0.366880 0.431715 0.824027
vn 0.396647 0.221351 0.890884
vn 0.114596 0.973381 0.198487
vn 0.219592 0.898397 0.380344
vn 0.313613 0.778838 0.543193
vn 0.392039 0.620664 0.679030
vn 0.451005 0.431715 0.781163
vn 0.487597 0.221351 0.844543
vn 0.134716 0.973381 0.185421
vn 0.258146 0.898397 0.355307
vn 0.368674 0.778838 0.507436
vn 0.460869 0.620664 0.634331
vn 0.530188 0.431715 0.729741
vn 0.573205 0.221350 0.788948
vn 0.153360 0.973381 0.170324
vn 0.293872 0.898397 0.326377
vn 0.419696 0.778838 0.466119
vn 0.524649 0.620665 0.582682
vn 0.603563 0.431715 0.670324
vn 0.652533 0.221350 0.724710
vn 0.170324 0.973381 0.153360
vn 0.326378 0.898397 0.293871
vn 0.466119 0.778838 0.419695
vn 0.582682 0.620665 0.524649
vn 0.670324 0.431716 0.603562
vn 0.724711 0.221350 0.652532
vn 0.185421 0.973381 0.134716
vn 0.355308 0.898397 0.258146
vn 0.507436 0.778838 0.368674
vn 0.634331 0.620665 0.460868
vn 0.729741 0.431716 0.530188
vn 0.788949 0.221351 0.573205
vn 0.198487 0.973381 0.114597
vn 0.380345 0.898397 0.219592
vn 0.543193 0.778838 0.313613
vn 0.679030 0.620664 0.392038
vn 0.781163 0.431716 0.451005
vn 0.844543 0.221351 0.487597
vn 0.209378 0.973381 0.093221
vn 0.401214 0.898397 0.178632
vn 0.572999 0.778838 0.255115
vn 0.716290 0.620664 0.318912
vn 0.824027 0.431715 0.366880
vn 0.890884 0.221350 0.396647
vn 0.217976 0.973381 0.070825
vn 0.417689 0.898397 0.135715
vn 0.596527 0.778838 0.193823
vn 0.745701 0.620664 0.242293
vn 0.857862 0.431716 0.278736
vn 0.927465 0.221351 0.301352
vn 0.224185 0.973381 0.047652
vn 0.429587 0.898397 0.091311
vn 0.613519 0.778838 0.130407
vn 0.766943 0.620664 0.163019
vn 0.882299 0.431715 0.187538
vn 0.953884 0.221351 0.202754
vn 0.227937 0.973381 0.023957
vn 0.436778 0.898397 0.045907
vn 0.623789 0.778838 0.065563
vn 0.779781 0.620664 0.081958
vn 0.897069 0.431715 0.094286
vn 0.969852 0.221351 0.101936
vn 0.229193 0.973381 -0.000000
vn 0.439184 0.898397 -0.000000
vn 0.627225 0.778838 -0.000000
vn 0.784076 0.620665 -0.000000
vn 0.902010 0.431715 -0.000000
vn 0.975194 0.221351 -0.000000
vn 0.227938 0.973381 -0.023957
vn 0.436778 0.898397 -0.045907
vn 0.623789 0.778838 -0.065563
vn 0.779781 0.620665 -0.081958
vn 0.897068 0.431716 -0.094286
vn 0.969852 0.221350 -0.101936
vn 0.224185 0.973381 -0.047652
vn 0.429587 0.898397 -0.091312
vn 0.613519 0.778838 -0.130408
vn 0.766942 0.620664 -0.163019
vn 0.882299 0.431716 -0.187538
vn 0.953884 0.221350 -0.202754
vn 0.217976 0.973381 -0.070825
vn 0.417689 0.898397 -0.135716
vn 0.596526 0.778838 -0.193823
vn 0.745701 0.620665 -0.242293
vn 0.857862 0.431715 -0.278736
vn 0.927465 0.221351 -0.301352
vn 0.209378 0.973381 -0.093221
vn 0.401214 0.898397 -0.178632
vn 0.572998 0.778838 -0.255116
vn 0.716289 0.620665 -0.318913
vn 0.824027 0.431716 -0.366881
vn 0.890884 0.221351 -0.396648
vn 0.198487 0.973381 -0.114597
vn 0.380344 0.898397 -0.219592
vn 0.543192 0.778838 -0.313613
vn 0.679030 0.620665 -0.392038
vn 0.781163 0.431716 -0.451005
vn 0.844543 0.221350 -0.487597
vn 0.185421 0.973381 -0.134716
vn 0.355307 0.898397 -0.258146
vn 0.507435 0.778838 -0.368674
vn 0.634330 0.620665 -0.460869
vn 0.729741 0.431716 -0.530188
vn 0.788949 0.221350 -0.573205
vn 0.170324 0.973381 -0.153360
vn 0.326378 0.898397 -0.293872
vn 0.466119 0.778838 -0.419696
vn 0.582682 0.620665 -0.524649
vn 0.670324 0.431716 -0.603563
vn 0.724710 0.221350 -0.652533
vn 0.153360 0.973381 -0.170324
vn 0.293871 0.898397 -0.326378
vn 0.419696 0.778838 -0.466119
vn 0.524650 0.620664 -0.582682
vn 0.603563 0.431715 -0.670324
vn 0.652532 0.221350 -0.724711
vn 0.134716 0.973381 -0.185421
vn 0.258146 0.898397 -0.355307
vn 0.368673 0.778838 -0.507436
vn 0.460868 0.620664 -0.634332
vn 0.530188 0.431715 -0.729742
vn 0.573204 0.221350 -0.788949
vn 0.114596 0.973381 -0.198487
vn 0.219592 0.898397 -0.380345
vn 0.313613 0.778838 -0.543193
vn 0.392038 0.620665 -0.679030
vn 0.451004 0.431716 -0.781164
vn 0.487597 0.221350 -0.844543
vn 0.093221 0.973381 -0.209378
vn 0.178632 0.898397 -0.401215
vn 0.255116 0.778838 -0.572999
vn 0.318913 0.620665 -0.716289
vn 0.366880 0.431716 -0.824027
vn 0.396647 0.221351 -0.890884
vn 0.070824 0.973381 -0.217975
vn 0.135715 0.898397 -0.417689
vn 0.193823 0.778838 -0.596526
vn 0.242293 0.620664 -0.745701
vn 0.278736 0.431716 -0.857862
vn 0.301351 0.221351 -0.927465
vn 0.047652 0.973381 -0.224185
vn 0.091311 0.898397 -0.429587
vn 0.130407 0.778838 -0.613519
vn 0.163019 0.620664 -0.766943
vn 0.187538 0.431716 -0.882299
vn 0.202754 0.221351 -0.953884
vn 0.023957 0.973381 -0.227938
vn 0.045907 0.898397 -0.436778
vn 0.065562 0.778838 -0.623789
vn 0.081958 0.620664 -0.779781
vn 0.094285 0.431715 -0.897069
vn 0.101935 0.221351 -0.969852
vn 0.000000 0.973381 -0.229193
vn -0.000000 0.898397 -0.439184
vn -0.000000 0.778838 -0.627225
vn -0.000000 0.620664 -0.784076
vn -0.000000 0.431715 -0.902010
vn -0.000001 0.221351 -0.975194
vn -0.023957 0.973381 -0.227938
vn -0.045907 0.898397 -0.436778
vn -0.065562 0.778838 -0.623789
vn -0.081958 0.620664 -0.779781
vn -0.094286 0.431716 -0.897068
vn -0.101936 0.221351 -0.969852
vn -0.047652 0.973381 -0.224185
vn -0.091312 0.898397 -0.429587
vn -0.130407 0.778838 -0.613519
vn -0.163019 0.620664 -0.766943
vn -0.187538 0.431716 -0.882299
vn -0.202754 0.221351 -0.953884
vn -0.070825 0.973381 -0.217975
vn -0.135716 0.898397 -0.417688
vn -0.193824 0.778838 -0.596526
vn -0.242293 0.620664 -0.745701
vn -0.278736 0.431716 -0.857862
vn -0.301352 0.221351 -0.927465
vn -0.093221 0.973381 -0.209378
vn -0.178632 0.898397 -0.401215
vn -0.255115 0.778838 -0.572999
vn -0.318913 0.620665 -0.716289
vn -0.366881 0.431716 -0.824027
vn -0.396648 0.221351 -0.890884
vn -0.114597 0.973381 -0.198487
vn -0.219592 0.898397 -0.380344
vn -0.313613 0.778838 -0.543193
vn -0.392038 0.620664 -0.679030
vn -0.451005 0.431715 -0.781163
vn -0.487597 0.221351 -0.844543
vn -0.134716 0.973381 -0.185421
vn -0.258146 0.898397 -0.355307
vn -0.368674 0.778838 -0.507436
vn -0.460869 0.620665 -0.634331
vn -0.530188 0.431716 -0.729741
vn -0.573205 0.221351 -0.788949
vn -0.153360 0.973381 -0.170324
vn -0.293872 0.898397 -0.326377
vn -0.419696 0.778838 -0.466119
vn -0.524650 0.620664 -0.582682
vn -0.603563 0.431716 -0.670324
vn -0.652533 0.221351 -0.724710
vn -0.170324 0.973381 -0.153360
vn -0.326377 0.898397 -0.293871
vn -0.466120 0.778837 -0.419696
vn -0.582682 0.620664 -0.524650
vn -0.670324 0.431716 -0.603562
vn -0.724711 0.221350 -0.652532
vn -0.185421 0.973381 -0.134716
vn -0.355307 0.898397 -0.258146
vn -0.507436 0.778838 -0.368674
vn -0.634331 0.620664 -0.460868
vn -0.729741 0.431716 -0.530188
vn -0.788949 0.221350 -0.573205
vn -0.198487 0.973381 -0.114597
vn -0.380344 0.898397 -0.219592
vn -0.543193 0.778838 -0.313613
vn -0.679030 0.620664 -0.392038
vn -0.781164 0.431716 -0.451005
vn -0.844543 0.221350 -0.487597
vn -0.209378 0.973381 -0.093221
vn -0.401214 0.898397 -0.178632
vn -0.572999 0.778838 -0.255115
vn -0.716289 0.620664 -0.318912
vn -0.824027 0.431716 -0.366880
vn -0.890884 0.221350 -0.396648
vn -0.217975 0.973381 -0.070825
vn -0.417688 0.898397 -0.135715
vn -0.596527 0.778838 -0.193823
vn -0.745701 0.620665 -0.242293
vn -0.857862 0.431717 -0.278736
vn -0.927465 0.221350 -0.301352
vn -0.224185 0.973381 -0.047652
vn -0.429587 0.898397 -0.091311
vn -0.613519 0.778838 -0.130407
vn -0.766943 0.620664 -0.163019
vn -0.882299 0.431715 -0.187538
vn -0.953884 0.221351 -0.202754
vn -0.227938 0.973381 -0.023957
vn -0.436778 0.898397 -0.045907
vn -0.623789 0.778838 -0.065563
vn -0.779781 0.620664 -0.081958
vn -0.897069 0.431715 -0.094285
vn -0.969852 0.221350 -0.101935
vn -0.229193 0.973381 -0.000001
vn -0.439183 0.898398 -0.000002
vn -0.627225 0.778838 -0.000003
vn -0.784076 0.620664 -0.000003
vn -0.902010 0.431716 -0.000004
vn -0.975194 0.221350 -0.000004
vn -0.227938 -0.973381 0.023956
vn -0.229193 -0.973381 -0.000001
vn -0.436778 -0.898398 0.045905
vn -0.439183 -0.898398 -0.000002
vn -0.623790 -0.778837 0.065560
vn -0.627226 -0.778838 -0.000003
vn -0.779782 -0.620664 0.081955
vn -0.784077 -0.620664 -0.000003
vn -0.897069 -0.431716 0.094282
vn -0.902010 -0.431716 -0.000004
vn -0.975194 -0.221350 -0.000004
vn -0.969853 -0.221350 0.101932
vn -0.224184 -0.973381 0.047652
vn -0.429586 -0.898398 0.091311
vn -0.613520 -0.778837 0.130408
vn -0.766943 -0.620664 0.163019
vn -0.882298 -0.431716 0.187539
vn -0.953884 -0.221351 0.202755
vn -0.217975 -0.973381 0.070825
vn -0.417688 -0.898398 0.135715
vn -0.596527 -0.778838 0.193824
vn -0.745702 -0.620663 0.242293
vn -0.857862 -0.431716 0.278737
vn -0.927465 -0.221351 0.301352
vn -0.209378 -0.973381 0.093221
vn -0.401214 -0.898398 0.178632
vn -0.572999 -0.778838 0.255115
vn -0.716290 -0.620664 0.318913
vn -0.824027 -0.431715 0.366880
vn -0.890884 -0.221350 0.396647
vn -0.198487 -0.973381 0.114597
vn -0.380344 -0.898397 0.219592
vn -0.543193 -0.778838 0.313613
vn -0.679030 -0.620664 0.392039
vn -0.781163 -0.431715 0.451005
vn -0.844543 -0.221350 0.487597
vn -0.185421 -0.973381 0.134716
vn -0.355307 -0.898397 0.258146
vn -0.507436 -0.778837 0.368674
vn -0.634331 -0.620664 0.460869
vn -0.729741 -0.431716 0.530188
vn -0.788949 -0.221350 0.573205
vn -0.170323 -0.973381 0.153360
vn -0.326377 -0.898398 0.293871
vn -0.466119 -0.778838 0.419696
vn -0.582682 -0.620664 0.524650
vn -0.670324 -0.431716 0.603562
vn -0.724711 -0.221350 0.652533
vn -0.153360 -0.973381 0.170324
vn -0.293871 -0.898398 0.326377
vn -0.419695 -0.778838 0.466119
vn -0.524649 -0.620664 0.582683
vn -0.603562 -0.431716 0.670324
vn -0.652532 -0.221350 0.724711
vn -0.134716 -0.973381 0.185421
vn -0.258146 -0.898398 0.355307
vn -0.368674 -0.778838 0.507436
vn -0.460869 -0.620664 0.634331
vn -0.530188 -0.431716 0.729741
vn -0.573205 -0.221351 0.788949
vn -0.114596 -0.973381 0.198487
vn -0.219592 -0.898397 0.380344
vn -0.313613 -0.778838 0.543193
vn -0.392038 -0.620664 0.679030
vn -0.451004 -0.431716 0.781164
vn -0.487597 -0.221351 0.844543
vn -0.093221 -0.973381 0.209378
vn -0.178632 -0.898397 0.401214
vn -0.255116 -0.778838 0.572999
vn -0.318912 -0.620664 0.716290
vn -0.366879 -0.431716 0.824027
vn -0.396646 -0.221350 0.890885
vn -0.070824 -0.973381 0.217976
vn -0.135715 -0.898398 0.417688
vn -0.193823 -0.778837 0.596527
vn -0.242293 -0.620663 0.745702
vn -0.278736 -0.431716 0.857862
vn -0.301352 -0.221351 0.927465
vn -0.047652 -0.973381 0.224185
vn -0.091311 -0.898398 0.429586
vn -0.130407 -0.778837 0.613520
vn -0.163019 -0.620664 0.766943
vn -0.187539 -0.431716 0.882298
vn -0.202755 -0.221351 0.953884
vn -0.023957 -0.973381 0.227937
vn -0.045907 -0.898398 0.436778
vn -0.065563 -0.778838 0.623790
vn -0.081958 -0.620664 0.779781
vn -0.094285 -0.431716 0.897068
vn -0.101935 -0.221350 0.969852
vn -0.000000 -0.973381 0.229194
vn -0.000000 -0.898398 0.439183
vn 0.000000 -0.778838 0.627225
vn -0.000000 -0.620664 0.784077
vn -0.000000 -0.431716 0.902010
vn -0.000000 -0.221350 0.975195
vn 0.023957 -0.973381 0.227938
vn 0.045907 -0.898397 0.436778
vn 0.065563 -0.778838 0.623789
vn 0.081958 -0.620664 0.779781
vn 0.094285 -0.431716 0.897068
vn 0.101935 -0.221350 0.969852
vn 0.047652 -0.973381 0.224185
vn 0.091312 -0.898397 0.429586
vn 0.130408 -0.778838 0.613519
vn 0.163019 -0.620664 0.766943
vn 0.187539 -0.431716 0.882298
vn 0.202755 -0.221351 0.953884
vn 0.070825 -0.973381 0.217975
vn 0.135715 -0.898397 0.417688
vn 0.193824 -0.778837 0.596527
vn 0.242293 -0.620664 0.745702
vn 0.278737 -0.431716 0.857862
vn 0.301352 -0.221351 0.927465
vn 0.093221 -0.973381 0.209378
vn 0.178632 -0.898397 0.401214
vn 0.255116 -0.778838 0.572999
vn 0.318913 -0.620664 0.716290
vn 0.366880 -0.431715 0.824027
vn 0.396647 -0.221351 0.890884
vn 0.114596 -0.973381 0.198488
vn 0.219592 -0.898397 0.380345
vn 0.313613 -0.778838 0.543193
vn 0.392039 -0.620663 0.679031
vn 0.451005 -0.431715 0.781163
vn 0.487598 -0.221351 0.844543
vn 0.134716 -0.973381 0.185422
vn 0.258146 -0.898397 0.355307
vn 0.368674 -0.778837 0.507436
vn 0.460869 -0.620664 0.634331
vn 0.530188 -0.431715 0.729741
vn 0.573205 -0.221351 0.788949
vn 0.153360 -0.973381 0.170324
vn 0.293871 -0.898397 0.326377
vn 0.419696 -0.778838 0.466120
vn 0.524650 -0.620664 0.582682
vn 0.603563 -0.431715 0.670324
vn 0.652533 -0.221350 0.724710
vn 0.170324 -0.973381 0.153360
vn 0.326377 -0.898398 0.293871
vn 0.466120 -0.778838 0.419696
vn 0.582683 -0.620665 0.524649
vn 0.670324 -0.431716 0.603562
vn 0.724711 -0.221350 0.652532
vn 0.185421 -0.973381 0.134716
vn 0.355307 -0.898398 0.258145
vn 0.507436 -0.778838 0.368674
vn 0.634331 -0.620664 0.460868
vn 0.729742 -0.431716 0.530188
vn 0.788949 -0.221351 0.573205
vn 0.198487 -0.973381 0.114596
vn 0.380344 -0.898398 0.219592
vn 0.543193 -0.778838 0.313613
vn 0.679030 -0.620664 0.392038
vn 0.781164 -0.431715 0.451005
vn 0.844543 -0.221351 0.487597
vn 0.209378 -0.973381 0.093221
vn 0.401214 -0.898398 0.178632
vn 0.572999 -0.778838 0.255116
vn 0.716290 -0.620664 0.318912
vn 0.824027 -0.431715 0.366880
vn 0.890884 -0.221351 0.396647
vn 0.217975 -0.973381 0.070825
vn 0.417688 -0.898398 0.135715
vn 0.596527 -0.778838 0.193823
vn 0.745701 -0.620664 0.242293
vn 0.857862 -0.431716 0.278736
vn 0.927465 -0.221351 0.301351
vn 0.224185 -0.973381 0.047652
vn 0.429586 -0.898397 0.091311
vn 0.613519 -0.778838 0.130407
vn 0.766943 -0.620664 0.163019
vn 0.882299 -0.431715 0.187538
vn 0.953884 -0.221351 0.202754
vn 0.227937 -0.973381 0.023957
vn 0.436778 -0.898397 0.045907
vn 0.623789 -0.778838 0.065563
vn 0.779782 -0.620664 0.081958
vn 0.897069 -0.431715 0.094285
vn 0.969852 -0.221351 0.101936
vn 0.229193 -0.973381 -0.000000
vn 0.439184 -0.898397 -0.000000
vn 0.627226 -0.778838 -0.000000
vn 0.784076 -0.620664 -0.000000
vn 0.902010 -0.431715 -0.000000
vn 0.975194 -0.221351 -0.000000
vn 0.227937 -0.973381 -0.023957
vn 0.436778 -0.898397 -0.045907
vn 0.623790 -0.778838 -0.065563
vn 0.779781 -0.620664 -0.081958
vn 0.897068 -0.431716 -0.094286
vn 0.969852 -0.221350 -0.101936
vn 0.224185 -0.973381 -0.047652
vn 0.429586 -0.898397 -0.091311
vn 0.613519 -0.778838 -0.130407
vn 0.766943 -0.620664 -0.163019
vn 0.882299 -0.431716 -0.187538
vn 0.953884 -0.221350 -0.202754
vn 0.217976 -0.973381 -0.070825
vn 0.417689 -0.898397 -0.135715
vn 0.596527 -0.778838 -0.193823
vn 0.745701 -0.620664 -0.242293
vn 0.857862 -0.431715 -0.278737
vn 0.927465 -0.221351 -0.301352
vn 0.209378 -0.973381 -0.093221
vn 0.401214 -0.898398 -0.178632
vn 0.572999 -0.778838 -0.255116
vn 0.716289 -0.620664 -0.318913
vn 0.824027 -0.431716 -0.366881
vn 0.890884 -0.221351 -0.396648
vn 0.198487 -0.973381 -0.114597
vn 0.380344 -0.898398 -0.219592
vn 0.543193 -0.778838 -0.313613
vn 0.679030 -0.620665 -0.392038
vn 0.781163 -0.431716 -0.451005
vn 0.844543 -0.221350 -0.487597
vn 0.185421 -0.973381 -0.134716
vn 0.355307 -0.898398 -0.258146
vn 0.507436 -0.778838 -0.368674
vn 0.634331 -0.620665 -0.460869
vn 0.729741 -0.431716 -0.530188
vn 0.788949 -0.221350 -0.573205
vn 0.170324 -0.973381 -0.153360
vn 0.326377 -0.898397 -0.293871
vn 0.466119 -0.778838 -0.419696
vn 0.582682 -0.620664 -0.524650
vn 0.670323 -0.431716 -0.603563
vn 0.724710 -0.221350 -0.652533
vn 0.153360 -0.973381 -0.170324
vn 0.293871 -0.898398 -0.326377
vn 0.419696 -0.778838 -0.466120
vn 0.524650 -0.620664 -0.582682
vn 0.603562 -0.431715 -0.670324
vn 0.652532 -0.221350 -0.724711
vn 0.134716 -0.973381 -0.185421
vn 0.258145 -0.898397 -0.355307
vn 0.368673 -0.778838 -0.507436
vn 0.460868 -0.620664 -0.634332
vn 0.530188 -0.431715 -0.729742
vn 0.573205 -0.221350 -0.788949
vn 0.114597 -0.973381 -0.198487
vn 0.219592 -0.898397 -0.380345
vn 0.313613 -0.778838 -0.543194
vn 0.392038 -0.620664 -0.679030
vn 0.451005 -0.431716 -0.781164
vn 0.487597 -0.221350 -0.844543
vn 0.093221 -0.973381 -0.209378
vn 0.178632 -0.898397 -0.401215
vn 0.255116 -0.778837 -0.572999
vn 0.318913 -0.620664 -0.716289
vn 0.366880 -0.431716 -0.824027
vn 0.396647 -0.221351 -0.890884
vn 0.070824 -0.973381 -0.217975
vn 0.135715 -0.898397 -0.417688
vn 0.193824 -0.778838 -0.596527
vn 0.242293 -0.620664 -0.745701
vn 0.278736 -0.431716 -0.857862
vn 0.301352 -0.221351 -0.927465
vn 0.047652 -0.973381 -0.224184
vn 0.091311 -0.898398 -0.429586
vn 0.130407 -0.778838 -0.613519
vn 0.163019 -0.620664 -0.766943
vn 0.187539 -0.431716 -0.882299
vn 0.202755 -0.221351 -0.953884
vn 0.023957 -0.973381 -0.227938
vn 0.045907 -0.898398 -0.436777
vn 0.065563 -0.778838 -0.623789
vn 0.081958 -0.620664 -0.779782
vn 0.094286 -0.431716 -0.897069
vn 0.101935 -0.221351 -0.969852
vn 0.000000 -0.973381 -0.229193
vn -0.000000 -0.898397 -0.439183
vn -0.000000 -0.778838 -0.627225
vn -0.000000 -0.620664 -0.784077
vn -0.000000 -0.431715 -0.902010
vn -0.000001 -0.221351 -0.975194
vn -0.023957 -0.973381 -0.227938
vn -0.045907 -0.898398 -0.436777
vn -0.065563 -0.778838 -0.623790
vn -0.081958 -0.620664 -0.779782
vn -0.094286 -0.431716 -0.897069
vn -0.101935 -0.221351 -0.969852
vn -0.047652 -0.973381 -0.224185
vn -0.091311 -0.898397 -0.429586
vn -0.130408 -0.778837 -0.613520
vn -0.163019 -0.620664 -0.766943
vn -0.187538 -0.431716 -0.882298
vn -0.202754 -0.221351 -0.953884
vn -0.070825 -0.973381 -0.217975
vn -0.135715 -0.898398 -0.417688
vn -0.193824 -0.778838 -0.596527
vn -0.242293 -0.620664 -0.745701
vn -0.278737 -0.431716 -0.857862
vn -0.301352 -0.221351 -0.927465
vn -0.093221 -0.973381 -0.209377
vn -0.178632 -0.898397 -0.401214
vn -0.255115 -0.778838 -0.572999
vn -0.318913 -0.620664 -0.716290
vn -0.366881 -0.431716 -0.824027
vn -0.396648 -0.221351 -0.890884
vn -0.114597 -0.973381 -0.198487
vn -0.219592 -0.898397 -0.380344
vn -0.313613 -0.778838 -0.543193
vn -0.392038 -0.620664 -0.679030
vn -0.451005 -0.431715 -0.781164
vn -0.487597 -0.221351 -0.844543
vn -0.134716 -0.973381 -0.185421
vn -0.258146 -0.898398 -0.355307
vn -0.368674 -0.778838 -0.507436
vn -0.460869 -0.620664 -0.634331
vn -0.530188 -0.431715 -0.729741
vn -0.573205 -0.221351 -0.788949
vn -0.153360 -0.973381 -0.170324
vn -0.293871 -0.898397 -0.326377
vn -0.419696 -0.778837 -0.466120
vn -0.524650 -0.620664 -0.582682
vn -0.603563 -0.431716 -0.670323
vn -0.652533 -0.221351 -0.724710
vn -0.170324 -0.973381 -0.153360
vn -0.326377 -0.898397 -0.293872
vn -0.466120 -0.778837 -0.419696
vn -0.582683 -0.620664 -0.524649
vn -0.670324 -0.431716 -0.603562
vn -0.724711 -0.221350 -0.652532
vn -0.185421 -0.973381 -0.134716
vn -0.355307 -0.898397 -0.258146
vn -0.507436 -0.778837 -0.368674
vn -0.634332 -0.620664 -0.460868
vn -0.729741 -0.431716 -0.530188
vn -0.788949 -0.221350 -0.573205
vn -0.198487 -0.973381 -0.114596
vn -0.380344 -0.898398 -0.219592
vn -0.543193 -0.778838 -0.313613
vn -0.679031 -0.620664 -0.392038
vn -0.781164 -0.431716 -0.451005
vn -0.844543 -0.221350 -0.487597
vn -0.209378 -0.973381 -0.093221
vn -0.401214 -0.898397 -0.178632
vn -0.572999 -0.778838 -0.255115
vn -0.716290 -0.620664 -0.318912
vn -0.824027 -0.431716 -0.366881
vn -0.890884 -0.221350 -0.396648
vn -0.217975 -0.973381 -0.070824
vn -0.417688 -0.898398 -0.135715
vn -0.596527 -0.778837 -0.193824
vn -0.745701 -0.620664 -0.242293
vn -0.857862 -0.431717 -0.278736
vn -0.927465 -0.221351 -0.301351
vn -0.224185 -0.973381 -0.047652
vn -0.429586 -0.898398 -0.091311
vn -0.613519 -0.778838 -0.130408
vn -0.766943 -0.620664 -0.163019
vn -0.882299 -0.431715 -0.187538
vn -0.953884 -0.221351 -0.202754
vn -0.227938 -0.973381 -0.023957
vn -0.436777 -0.898398 -0.045907
vn -0.623789 -0.778838 -0.065563
vn -0.779781 -0.620664 -0.081958
vn -0.897069 -0.431715 -0.094285
vn -0.969852 -0.221350 -0.101935
s 1
g StudioClosed
usemtl initialShadingGroup
f 3/243/1 483/2/2 491/4/3 11/1/4
f 11/1/4 491/4/3 499/6/5 19/3/6
f 19/3/6 499/6/5 507/8/7 27/5/8
f 27/5/8 507/8/7 515/10/9 35/7/10
f 35/7/10 515/10/9 523/12/11 43/9/12
f 43/9/12 523/12/11 531/14/13 51/11/14
f 51/11/14 531/14/13 539/16/15 59/13/16
f 59/13/16 539/16/15 547/18/17 67/15/18
f 67/15/18 547/18/17 555/20/19 75/17/20
f 75/17/20 555/20/19 563/22/21 83/19/22
f 83/19/22 563/22/21 571/24/23 91/21/24
f 91/21/24 571/24/23 579/26/25 99/23/26
f 99/23/26 579/26/25 587/28/27 107/25/28
f 107/25/28 587/28/27 595/30/29 115/27/30
f 115/27/30 595/30/29 603/32/31 123/29/32
f 123/29/32 603/32/31 611/34/33 131/31/34
f 131/31/34 611/34/33 619/36/35 139/33/36
f 139/33/36 619/36/35 627/38/37 147/35/38
f 147/35/38 627/38/37 635/40/39 155/37/40
f 155/37/40 635/40/39 643/42/41 163/39/42
f 163/39/42 643/42/41 651/44/43 171/41/44
f 171/41/44 651/44/43 659/46/45 179/43/46
f 179/43/46 659/46/45 667/48/47 187/45/48
f 187/45/48 667/48/47 675/50/49 195/47/50
f 195/47/50 675/50/49 683/52/51 203/49/52
f 203/49/52 683/52/51 691/54/53 211/51/54
f 211/51/54 691/54/53 699/56/55 219/53/56
f 219/53/56 699/56/55 707/58/57 227/55/58
f 227/55/58 707/58/57 715/60/59 235/57/60
f 235/57/60 715/60/59 723/62/61 243/59/62
f 243/59/62 723/62/61 731/64/63 251/61/64
f 251/61/64 731/64/63 739/66/65 259/63/66
f 259/63/66 739/66/65 747/68/67 267/65/68
f 267/65/68 747/68/67 755/70/69 275/67/70
f 275/67/70 755/70/69 763/72/71 283/69/72
f 283/69/72 763/72/71 771/74/73 291/71/74
f 291/71/74 771/74/73 779/76/75 299/73/76
f 299/73/76 779/76/75 787/78/77 307/75/78
f 307/75/78 787/78/77 795/80/79 315/77/80
f 315/77/80 795/80/79 803/82/81 323/79/82
f 323/79/82 803/82/81 811/84/83 331/81/84
f 331/81/84 811/84/83 819/86/85 339/83/86
f 339/83/86 819/86/85 827/88/87 347/85/88
f 347/85/88 827/88/87 835/90/89 355/87/90
f 355/87/90 835/90/89 843/92/91 363/89/92
f 363/89/92 843/92/91 851/94/93 371/91/94
f 371/91/94 851/94/93 859/96/95 379/93/96
f 379/93/96 859/96/95 867/98/97 387/95/98
f 387/95/98 867/98/97 875/100/99 395/97/100
f 395/97/100 875/100/99 883/102/101 403/99/102
f 403/99/102 883/102/101 891/104/103 411/101/104
f 411/101/104 891/104/103 899/106/105 419/103/106
f 419/103/106 899/106/105 907/108/107 427/105/108
f 427/105/108 907/108/107 915/110/109 435/107/110
f 435/107/110 915/110/109 923/112/111 443/109/112
f 443/109/112 923/112/111 931/114/113 451/111/114
f 451/111/114 931/114/113 939/116/115 459/113/116
f 459/113/116 939/116/115 947/118/117 467/115/118
f 467/115/118 947/118/117 955/120/119 475/117/120
f 475/117/120 955/120/119 483/244/2 3/119/1
f 18/122/121 1/180/122 10/121/123
f 26/123/124 1/180/122 18/122/121
f 34/124/125 1/180/122 26/123/124
f 42/125/126 1/180/122 34/124/125
f 50/126/127 1/180/122 42/125/126
f 58/127/128 1/180/122 50/126/127
f 66/128/129 1/180/122 58/127/128
f 74/129/130 1/180/122 66/128/129
f 82/130/131 1/180/122 74/129/130
f 90/131/132 1/180/122 82/130/131
f 98/132/133 1/180/122 90/131/132
f 106/133/134 1/180/122 98/132/133
f 114/134/135 1/180/122 106/133/134
f 122/135/136 1/180/122 114/134/135
f 130/136/137 1/180/122 122/135/136
f 138/137/138 1/180/122 130/136/137
f 146/138/139 1/180/122 138/137/138
f 154/139/140 1/180/122 146/138/139
f 162/140/141 1/180/122 154/139/140
f 170/141/142 1/180/122 162/140/141
f 178/142/143 1/180/122 170/141/142
f 186/143/144 1/180/122 178/142/143
f 194/144/145 1/180/122 186/143/144
f 202/145/146 1/180/122 194/144/145
f 210/146/147 1/180/122 202/145/146
f 218/147/148 1/180/122 210/146/147
f 226/148/149 1/180/122 218/147/148
f 234/149/150 1/180/122 226/148/149
f 242/150/151 1/180/122 234/149/150
f 250/151/152 1/180/122 242/150/151
f 258/152/153 1/180/122 250/151/152
f 266/153/154 1/180/122 258/152/153
f 274/154/155 1/180/122 266/153/154
f 282/155/156 1/180/122 274/154/155
f 290/156/157 1/180/122 282/155/156
f 298/157/158 1/180/122 290/156/157
f 306/158/159 1/180/122 298/157/158
f 314/159/160 1/180/122 306/158/159
f 322/160/161 1/180/122 314/159/160
f 330/161/162 1/180/122 322/160/161
f 338/162/163 1/180/122 330/161/162
f 346/163/164 1/180/122 338/162/163
f 354/164/165 1/180/122 346/163/164
f 362/165/166 1/180/122 354/164/165
f 370/166/167 1/180/122 362/165/166
f 378/167/168 1/180/122 370/166/167
f 386/168/169 1/180/122 378/167/168
f 394/169/170 1/180/122 386/168/169
f 402/170/171 1/180/122 394/169/170
f 410/171/172 1/180/122 402/170/171
f 418/172/173 1/180/122 410/171/172
f 426/173/174 1/180/122 418/172/173
f 434/174/175 1/180/122 426/173/174
f 442/175/176 1/180/122 434/174/175
f 450/176/177 1/180/122 442/175/176
f 458/177/178 1/180/122 450/176/177
f 466/178/179 1/180/122 458/177/178
f 474/179/180 1/180/122 466/178/179
f 482/181/181 1/180/122 474/179/180
f 10/121/123 1/180/122 482/181/181
f 490/241/182 2/242/183 498/182/184
f 498/182/184 2/242/183 506/183/185
f 506/183/185 2/242/183 514/184/186
f 514/184/186 2/242/183 522/185/187
f 522/185/187 2/242/183 530/186/188
f 530/186/188 2/242/183 538/187/189
f 538/187/189 2/242/183 546/188/190
f 546/188/190 2/242/183 554/189/191
f 554/189/191 2/242/183 562/190/192
f 562/190/192 2/242/183 570/191/193
f 570/191/193 2/242/183 578/192/194
f 578/192/194 2/242/183 586/193/195
f 586/193/195 2/242/183 594/194/196
f 594/194/196 2/242/183 602/195/197
f 602/195/197 2/242/183 610/196/198
f 610/196/198 2/242/183 618/197/199
f 618/197/199 2/242/183 626/198/200
f 626/198/200 2/242/183 634/199/201
f 634/199/201 2/242/183 642/200/202
f 642/200/202 2/242/183 650/201/203
f 650/201/203 2/242/183 658/202/204
f 658/202/204 2/242/183 666/203/205
f 666/203/205 2/242/183 674/204/206
f 674/204/206 2/242/183 682/205/207
f 682/205/207 2/242/183 690/206/208
f 690/206/208 2/242/183 698/207/209
f 698/207/209 2/242/183 706/208/210
f 706/208/210 2/242/183 714/209/211
f 714/209/211 2/242/183 722/210/212
f 722/210/212 2/242/183 730/211/213
f 730/211/213 2/242/183 738/212/214
f 738/212/214 2/242/183 746/213/215
f 746/213/215 2/242/183 754/214/216
f 754/214/216 2/242/183 762/215/217
f 762/215/217 2/242/183 770/216/218
f 770/216/218 2/242/183 778/217/219
f 778/217/219 2/242/183 786/218/220
f 786/218/220 2/242/183 794/219/221
f 794/219/221 2/242/183 802/220/222
f 802/220/222 2/242/183 810/221/223
f 810/221/223 2/242/183 818/222/224
f 818/222/224 2/242/183 826/223/225
f 826/223/225 2/242/183 834/224/226
f 834/224/226 2/242/183 842/225/227
f 842/225/227 2/242/183 850/226/228
f 850/226/228 2/242/183 858/227/229
f 858/227/229 2/242/183 866/228/230
f 866/228/230 2/242/183 874/229/231
f 874/229/231 2/242/183 882/230/232
f 882/230/232 2/242/183 890/231/233
f 890/231/233 2/242/183 898/232/234
f 898/232/234 2/242/183 906/233/235
f 906/233/235 2/242/183 914/234/236
f 914/234/236 2/242/183 922/235/237
f 922/235/237 2/242/183 930/236/238
f 930/236/238 2/242/183 938/237/239
f 938/237/239 2/242/183 946/238/240
f 946/238/240 2/242/183 954/239/241
f 954/239/241 2/242/183 962/240/242
f 962/240/242 2/242/183 490/241/182
f 9/255/243 17/262/244 18/122/121 10/121/123
f 8/254/245 16/261/246 17/262/244 9/255/243
f 7/252/247 15/259/248 16/261/246 8/254/245
f 6/250/249 14/258/250 15/260/248 7/253/247
f 5/248/251 13/257/252 14/258/250 6/250/249
f 3/243/1 11/1/4 12/256/253 4/246/254
f 4/246/254 12/256/253 13/257/252 5/248/251
f 17/262/244 25/269/255 26/123/124 18/122/121
f 16/261/246 24/268/256 25/269/255 17/262/244
f 15/259/248 23/266/257 24/268/256 16/261/246
f 14/258/250 22/265/258 23/267/257 15/260/248
f 13/257/252 21/264/259 22/265/258 14/258/250
f 11/1/4 19/3/6 20/263/260 12/256/253
f 12/256/253 20/263/260 21/264/259 13/257/252
f 25/269/255 33/276/261 34/124/125 26/123/124
f 24/268/256 32/275/262 33/276/261 25/269/255
f 23/266/257 31/273/263 32/275/262 24/268/256
f 22/265/258 30/272/264 31/274/263 23/267/257
f 21/264/259 29/271/265 30/272/264 22/265/258
f 19/3/6 27/5/8 28/270/266 20/263/260
f 20/263/260 28/270/266 29/271/265 21/264/259
f 33/276/261 41/283/267 42/125/126 34/124/125
f 32/275/262 40/282/268 41/283/267 33/276/261
f 31/273/263 39/280/269 40/282/268 32/275/262
f 30/272/264 38/279/270 39/281/269 31/274/263
f 29/271/265 37/278/271 38/279/270 30/272/264
f 27/5/8 35/7/10 36/277/272 28/270/266
f 28/270/266 36/277/272 37/278/271 29/271/265
f 41/283/267 49/290/273 50/126/127 42/125/126
f 40/282/268 48/289/274 49/290/273 41/283/267
f 39/280/269 47/287/275 48/289/274 40/282/268
f 38/279/270 46/286/276 47/288/275 39/281/269
f 37/278/271 45/285/277 46/286/276 38/279/270
f 35/7/10 43/9/12 44/284/278 36/277/272
f 36/277/272 44/284/278 45/285/277 37/278/271
f 49/290/273 57/297/279 58/127/128 50/126/127
f 48/289/274 56/296/280 57/297/279 49/290/273
f 47/287/275 55/294/281 56/296/280 48/289/274
f 46/286/276 54/293/282 55/295/281 47/288/275
f 45/285/277 53/292/283 54/293/282 46/286/276
f 43/9/12 51/11/14 52/291/284 44/284/278
f 44/284/278 52/291/284 53/292/283 45/285/277
f 57/297/279 65/304/285 66/128/129 58/127/128
f 56/296/280 64/303/286 65/304/285 57/297/279
f 55/294/281 63/301/287 64/303/286 56/296/280
f 54/293/282 62/300/288 63/302/287 55/295/281
f 53/292/283 61/299/289 62/300/288 54/293/282
f 51/11/14 59/13/16 60/298/290 52/291/284
f 52/291/284 60/298/290 61/299/289 53/292/283
f 65/304/285 73/311/291 74/129/130 66/128/129
f 64/303/286 72/310/292 73/311/291 65/304/285
f 63/301/287 71/308/293 72/310/292 64/303/286
f 62/300/288 70/307/294 71/309/293 63/302/287
f 61/299/289 69/306/295 70/307/294 62/300/288
f 59/13/16 67/15/18 68/305/296 60/298/290
f 60/298/290 68/305/296 69/306/295 61/299/289
f 73/311/291 81/318/297 82/130/131 74/129/130
f 72/310/292 80/317/298 81/318/297 73/311/291
f 71/308/293 79/315/299 80/317/298 72/310/292
f 70/307/294 78/314/300 79/316/299 71/309/293
f 69/306/295 77/313/301 78/314/300 70/307/294
f 67/15/18 75/17/20 76/312/302 68/305/296
f 68/305/296 76/312/302 77/313/301 69/306/295
f 81/318/297 89/325/303 90/131/132 82/130/131
f 80/317/298 88/324/304 89/325/303 81/318/297
f 79/315/299 87/322/305 88/324/304 80/317/298
f 78/314/300 86/321/306 87/323/305 79/316/299
f 77/313/301 85/320/307 86/321/306 78/314/300
f 75/17/20 83/19/22 84/319/308 76/312/302
f 76/312/302 84/319/308 85/320/307 77/313/301
f 89/325/303 97/332/309 98/132/133 90/131/132
f 88/324/304 96/331/310 97/332/309 89/325/303
f 87/322/305 95/329/311 96/331/310 88/324/304
f 86/321/306 94/328/312 95/330/311 87/323/305
f 85/320/307 93/327/313 94/328/312 86/321/306
f 83/19/22 91/21/24 92/326/314 84/319/308
f 84/319/308 92/326/314 93/327/313 85/320/307
f 97/332/309 105/339/315 106/133/134 98/132/133
f 96/331/310 104/338/316 105/339/315 97/332/309
f 95/329/311 103/336/317 104/338/316 96/331/310
f 94/328/312 102/335/318 103/337/317 95/330/311
f 93/327/313 101/334/319 102/335/318 94/328/312
f 91/21/24 99/23/26 100/333/320 92/326/314
f 92/326/314 100/333/320 101/334/319 93/327/313
f 105/339/315 113/346/321 114/134/135 106/133/134
f 104/338/316 112/345/322 113/346/321 105/339/315
f 103/336/317 111/343/323 112/345/322 104/338/316
f 102/335/318 110/342/324 111/344/323 103/337/317
f 101/334/319 109/341/325 110/342/324 102/335/318
f 99/23/26 107/25/28 108/340/326 100/333/320
f 100/333/320 108/340/326 109/341/325 101/334/319
f 113/346/321 121/353/327 122/135/136 114/134/135
f 112/345/322 120/352/328 121/353/327 113/346/321
f 111/343/323 119/350/329 120/352/328 112/345/322
f 110/342/324 118/349/330 119/351/329 111/344/323
f 109/341/325 117/348/331 118/349/330 110/342/324
f 107/25/28 115/27/30 116/347/332 108/340/326
f 108/340/326 116/347/332 117/348/331 109/341/325
f 121/353/327 129/360/333 130/136/137 122/135/136
f 120/352/328 128/359/334 129/360/333 121/353/327
f 119/350/329 127/357/335 128/359/334 120/352/328
f 118/349/330 126/356/336 127/358/335 119/351/329
f 117/348/331 125/355/337 126/356/336 118/349/330
f 115/27/30 123/29/32 124/354/338 116/347/332
f 116/347/332 124/354/338 125/355/337 117/348/331
f 129/360/333 137/367/339 138/137/138 130/136/137
f 128/359/334 136/366/340 137/367/339 129/360/333
f 127/357/335 135/364/341 136/366/340 128/359/334
f 126/356/336 134/363/342 135/365/341 127/358/335
f 125/355/337 133/362/343 134/363/342 126/356/336
f 123/29/32 131/31/34 132/361/344 124/354/338
f 124/354/338 132/361/344 133/362/343 125/355/337
f 137/367/339 145/374/345 146/138/139 138/137/138
f 136/366/340 144/373/346 145/374/345 137/367/339
f 135/364/341 143/371/347 144/373/346 136/366/340
f 134/363/342 142/370/348 143/372/347 135/365/341
f 133/362/343 141/369/349 142/370/348 134/363/342
f 131/31/34 139/33/36 140/368/350 132/361/344
f 132/361/344 140/368/350 141/369/349 133/362/343
f 145/374/345 153/381/351 154/139/140 146/138/139
f 144/373/346 152/380/352 153/381/351 145/374/345
f 143/371/347 151/378/353 152/380/352 144/373/346
f 142/370/348 150/377/354 151/379/353 143/372/347
f 141/369/349 149/376/355 150/377/354 142/370/348
f 139/33/36 147/35/38 148/375/356 140/368/350
f 140/368/350 148/375/356 149/376/355 141/369/349
f 153/381/351 161/388/357 162/140/141 154/139/140
f 152/380/352 160/387/358 161/388/357 153/381/351
f 151/378/353 159/385/359 160/387/358 152/380/352
f 150/377/354 158/384/360 159/386/359 151/379/353
f 149/376/355 157/383/361 158/384/360 150/377/354
f 147/35/38 155/37/40 156/382/362 148/375/356
f 148/375/356 156/382/362 157/383/361 149/376/355
f 161/388/357 169/395/363 170/141/142 162/140/141
f 160/387/358 168/394/364 169/395/363 161/388/357
f 159/385/359 167/392/365 168/394/364 160/387/358
f 158/384/360 166/391/366 167/393/365 159/386/359
f 157/383/361 165/390/367 166/391/366 158/384/360
f 155/37/40 163/39/42 164/389/368 156/382/362
f 156/382/362 164/389/368 165/390/367 157/383/361
f 169/395/363 177/402/369 178/142/143 170/141/142
f 168/394/364 176/401/370 177/402/369 169/395/363
f 167/392/365 175/399/371 176/401/370 168/394/364
f 166/391/366 174/398/372 175/400/371 167/393/365
f 165/390/367 173/397/373 174/398/372 166/391/366
f 163/39/42 171/41/44 172/396/374 164/389/368
f 164/389/368 172/396/374 173/397/373 165/390/367
f 177/402/369 185/409/375 186/143/144 178/142/143
f 176/401/370 184/408/376 185/409/375 177/402/369
f 175/399/371 183/406/377 184/408/376 176/401/370
f 174/398/372 182/405/378 183/407/377 175/400/371
f 173/397/373 181/404/379 182/405/378 174/398/372
f 171/41/44 179/43/46 180/403/380 172/396/374
f 172/396/374 180/403/380 181/404/379 173/397/373
f 185/409/375 193/416/381 194/144/145 186/143/144
f 184/408/376 192/415/382 193/416/381 185/409/375
f 183/406/377 191/413/383 192/415/382 184/408/376
f 182/405/378 190/412/384 191/414/383 183/407/377
f 181/404/379 189/411/385 190/412/384 182/405/378
f 179/43/46 187/45/48 188/410/386 180/403/380
f 180/403/380 188/410/386 189/411/385 181/404/379
f 193/416/381 201/423/387 202/145/146 194/144/145
f 192/415/382 200/422/388 201/423/387 193/416/381
f 191/413/383 199/420/389 200/422/388 192/415/382
f 190/412/384 198/419/390 199/421/389 191/414/383
f 189/411/385 197/418/391 198/419/390 190/412/384
f 187/45/48 195/47/50 196/417/392 188/410/386
f 188/410/386 196/417/392 197/418/391 189/411/385
f 201/423/387 209/430/393 210/146/147 202/145/146
f 200/422/388 208/429/394 209/430/393 201/423/387
f 199/420/389 207/427/395 208/429/394 200/422/388
f 198/419/390 206/426/396 207/428/395 199/421/389
f 197/418/391 205/425/397 206/426/396 198/419/390
f 195/47/50 203/49/52 204/424/398 196/417/392
f 196/417/392 204/424/398 205/425/397 197/418/391
f 209/430/393 217/437/399 218/147/148 210/146/147
f 208/429/394 216/436/400 217/437/399 209/430/393
f 207/427/395 215/434/401 216/436/400 208/429/394
f 206/426/396 214/433/402 215/435/401 207/428/395
f 205/425/397 213/432/403 214/433/402 206/426/396
f 203/49/52 211/51/54 212/431/404 204/424/398
f 204/424/398 212/431/404 213/432/403 205/425/397
f 217/437/399 225/444/405 226/148/149 218/147/148
f 216/436/400 224/443/406 225/444/405 217/437/399
f 215/434/401 223/441/407 224/443/406 216/436/400
f 214/433/402 222/440/408 223/442/407 215/435/401
f 213/432/403 221/439/409 222/440/408 214/433/402
f 211/51/54 219/53/56 220/438/410 212/431/404
f 212/431/404 220/438/410 221/439/409 213/432/403
f 225/444/405 233/451/411 234/149/150 226/148/149
f 224/443/406 232/450/412 233/451/411 225/444/405
f 223/441/407 231/448/413 232/450/412 224/443/406
f 222/440/408 230/447/414 231/449/413 223/442/407
f 221/439/409 229/446/415 230/447/414 222/440/408
f 219/53/56 227/55/58 228/445/416 220/438/410
f 220/438/410 228/445/416 229/446/415 221/439/409
f 233/451/411 241/458/417 242/150/151 234/149/150
f 232/450/412 240/457/418 241/458/417 233/451/411
f 231/448/413 239/455/419 240/457/418 232/450/412
f 230/447/414 238/454/420 239/456/419 231/449/413
f 229/446/415 237/453/421 238/454/420 230/447/414
f 227/55/58 235/57/60 236/452/422 228/445/416
f 228/445/416 236/452/422 237/453/421 229/446/415
f 241/458/417 249/465/423 250/151/152 242/150/151
f 240/457/418 248/464/424 249/465/423 241/458/417
f 239/455/419 247/462/425 248/464/424 240/457/418
f 238/454/420 246/461/426 247/463/425 239/456/419
f 237/453/421 245/460/427 246/461/426 238/454/420
f 235/57/60 243/59/62 244/459/428 236/452/422
f 236/452/422 244/459/428 245/460/427 237/453/421
f 249/465/423 257/472/429 258/152/153 250/151/152
f 248/464/424 256/471/430 257/472/429 249/465/423
f 247/462/425 255/469/431 256/471/430 248/464/424
f 246/461/426 254/468/432 255/470/431 247/463/425
f 245/460/427 253/467/433 254/468/432 246/461/426
f 243/59/62 251/61/64 252/466/434 244/459/428
f 244/459/428 252/466/434 253/467/433 245/460/427
f 257/472/429 265/479/435 266/153/154 258/152/153
f 256/471/430 264/478/436 265/479/435 257/472/429
f 255/469/431 263/476/437 264/478/436 256/471/430
f 254/468/432 262/475/438 263/477/437 255/470/431
f 253/467/433 261/474/439 262/475/438 254/468/432
f 251/61/64 259/63/66 260/473/440 252/466/434
f 252/466/434 260/473/440 261/474/439 253/467/433
f 265/479/435 273/486/441 274/154/155 266/153/154
f 264/478/436 272/485/442 273/486/441 265/479/435
f 263/476/437 271/483/443 272/485/442 264/478/436
f 262/475/438 270/482/444 271/484/443 263/477/437
f 261/474/439 269/481/445 270/482/444 262/475/438
f 259/63/66 267/65/68 268/480/446 260/473/440
f 260/473/440 268/480/446 269/481/445 261/474/439
f 273/486/441 281/493/447 282/155/156 274/154/155
f 272/485/442 280/492/448 281/493/447 273/486/441
f 271/483/443 279/490/449 280/492/448 272/485/442
f 270/482/444 278/489/450 279/491/449 271/484/443
f 269/481/445 277/488/451 278/489/450 270/482/444
f 267/65/68 275/67/70 276/487/452 268/480/446
f 268/480/446 276/487/452 277/488/451 269/481/445
f 281/493/447 289/500/453 290/156/157 282/155/156
f 280/492/448 288/499/454 289/500/453 281/493/447
f 279/490/449 287/497/455 288/499/454 280/492/448
f 278/489/450 286/496/456 287/498/455 279/491/449
f 277/488/451 285/495/457 286/496/456 278/489/450
f 275/67/70 283/69/72 284/494/458 276/487/452
f 276/487/452 284/494/458 285/495/457 277/488/451
f 289/500/453 297/507/459 298/157/158 290/156/157
f 288/499/454 296/506/460 297/507/459 289/500/453
f 287/497/455 295/504/461 296/506/460 288/499/454
f 286/496/456 294/503/462 295/505/461 287/498/455
f 285/495/457 293/502/463 294/503/462 286/496/456
f 283/69/72 291/71/74 292/501/464 284/494/458
f 284/494/458 292/501/464 293/502/463 285/495/457
f 297/507/459 305/514/465 306/158/159 298/157/158
f 296/506/460 304/513/466 305/514/465 297/507/459
f 295/504/461 303/511/467 304/513/466 296/506/460
f 294/503/462 302/510/468 303/512/467 295/505/461
f 293/502/463 301/509/469 302/510/468 294/503/462
f 291/71/74 299/73/76 300/508/470 292/501/464
f 292/501/464 300/508/470 301/509/469 293/502/463
f 305/514/465 313/521/471 314/159/160 306/158/159
f 304/513/466 312/520/472 313/521/471 305/514/465
f 303/511/467 311/518/473 312/520/472 304/513/466
f 302/510/468 310/517/474 311/519/473 303/512/467
f 301/509/469 309/516/475 310/517/474 302/510/468
f 299/73/76 307/75/78 308/515/476 300/508/470
f 300/508/470 308/515/476 309/516/475 301/509/469
f 313/521/471 321/528/477 322/160/161 314/159/160
f 312/520/472 320/527/478 321/528/477 313/521/471
f 311/518/473 319/525/479 320/527/478 312/520/472
f 310/517/474 318/524/480 319/526/479 311/519/473
f 309/516/475 317/523/481 318/524/480 310/517/474
f 307/75/78 315/77/80 316/522/482 308/515/476
f 308/515/476 316/522/482 317/523/481 309/516/475
f 321/528/477 329/535/483 330/161/162 322/160/161
f 320/527/478 328/534/484 329/535/483 321/528/477
f 319/525/479 327/532/485 328/534/484 320/527/478
f 318/524/480 326/531/486 327/533/485 319/526/479
f 317/523/481 325/530/487 326/531/486 318/524/480
f 315/77/80 323/79/82 324/529/488 316/522/482
f 316/522/482 324/529/488 325/530/487 317/523/481
f 329/535/483 337/542/489 338/162/163 330/161/162
f 328/534/484 336/541/490 337/542/489 329/535/483
f 327/532/485 335/539/491 336/541/490 328/534/484
f 326/531/486 334/538/492 335/540/491 327/533/485
f 325/530/487 333/537/493 334/538/492 326/531/486
f 323/79/82 331/81/84 332/536/494 324/529/488
f 324/529/488 332/536/494 333/537/493 325/530/487
f 337/542/489 345/549/495 346/163/164 338/162/163
f 336/541/490 344/548/496 345/549/495 337/542/489
f 335/539/491 343/546/497 344/548/496 336/541/490
f 334/538/492 342/545/498 343/547/497 335/540/491
f 333/537/493 341/544/499 342/545/498 334/538/492
f 331/81/84 339/83/86 340/543/500 332/536/494
f 332/536/494 340/543/500 341/544/499 333/537/493
f 345/549/495 353/556/501 354/164/165 346/163/164
f 344/548/496 352/555/502 353/556/501 345/549/495
f 343/546/497 351/553/503 352/555/502 344/548/496
f 342/545/498 350/552/504 351/554/503 343/547/497
f 341/544/499 349/551/505 350/552/504 342/545/498
f 339/83/86 347/85/88 348/550/506 340/543/500
f 340/543/500 348/550/506 349/551/505 341/544/499
f 353/556/501 361/563/507 362/165/166 354/164/165
f 352/555/502 360/562/508 361/563/507 353/556/501
f 351/553/503 359/560/509 360/562/508 352/555/502
f 350/552/504 358/559/510 359/561/509 351/554/503
f 349/551/505 357/558/511 358/559/510 350/552/504
f 347/85/88 355/87/90 356/557/512 348/550/506
f 348/550/506 356/557/512 357/558/511 349/551/505
f 361/563/507 369/570/513 370/166/167 362/165/166
f 360/562/508 368/569/514 369/570/513 361/563/507
f 359/560/509 367/567/515 368/569/514 360/562/508
f 358/559/510 366/566/516 367/568/515 359/561/509
f 357/558/511 365/565/517 366/566/516 358/559/510
f 355/87/90 363/89/92 364/564/518 356/557/512
f 356/557/512 364/564/518 365/565/517 357/558/511
f 369/570/513 377/577/519 378/167/168 370/166/167
f 368/569/514 376/576/520 377/577/519 369/570/513
f 367/567/515 375/574/521 376/576/520 368/569/514
f 366/566/516 374/573/522 375/575/521 367/568/515
f 365/565/517 373/572/523 374/573/522 366/566/516
f 363/89/92 371/91/94 372/571/524 364/564/518
f 364/564/518 372/571/524 373/572/523 365/565/517
f 377/577/519 385/584/525 386/168/169 378/167/168
f 376/576/520 384/583/526 385/584/525 377/577/519
f 375/574/521 383/581/527 384/583/526 376/576/520
f 374/573/522 382/580/528 383/582/527 375/575/521
f 373/572/523 381/579/529 382/580/528 374/573/522
f 371/91/94 379/93/96 380/578/530 372/571/524
f 372/571/524 380/578/530 381/579/529 373/572/523
f 385/584/525 393/591/531 394/169/170 386/168/169
f 384/583/526 392/590/532 393/591/531 385/584/525
f 383/581/527 391/588/533 392/590/532 384/583/526
f 382/580/528 390/587/534 391/589/533 383/582/527
f 381/579/529 389/586/535 390/587/534 382/580/528
f 379/93/96 387/95/98 388/585/536 380/578/530
f 380/578/530 388/585/536 389/586/535 381/579/529
f 393/591/531 401/598/537 402/170/171 394/169/170
f 392/590/532 400/597/538 401/598/537 393/591/531
f 391/588/533 399/595/539 400/597/538 392/590/532
f 390/587/534 398/594/540 399/596/539 391/589/533
f 389/586/535 397/593/541 398/594/540 390/587/534
f 387/95/98 395/97/100 396/592/542 388/585/536
f 388/585/536 396/592/542 397/593/541 389/586/535
f 401/598/537 409/605/543 410/171/172 402/170/171
f 400/597/538 408/604/544 409/605/543 401/598/537
f 399/595/539 407/602/545 408/604/544 400/597/538
f 398/594/540 406/601/546 407/603/545 399/596/539
f 397/593/541 405/600/547 406/601/546 398/594/540
f 395/97/100 403/99/102 404/599/548 396/592/542
f 396/592/542 404/599/548 405/600/547 397/593/541
f 409/605/543 417/612/549 418/172/173 410/171/172
f 408/604/544 416/611/550 417/612/549 409/605/543
f 407/602/545 415/609/551 416/611/550 408/604/544
f 406/601/546 414/608/552 415/610/551 407/603/545
f 405/600/547 413/607/553 414/608/552 406/601/546
f 403/99/102 411/101/104 412/606/554 404/599/548
f 404/599/548 412/606/554 413/607/553 405/600/547
f 417/612/549 425/619/555 426/173/174 418/172/173
f 416/611/550 424/618/556 425/619/555 417/612/549
f 415/609/551 423/616/557 424/618/556 416/611/550
f 414/608/552 422/615/558 423/617/557 415/610/551
f 413/607/553 421/614/559 422/615/558 414/608/552
f 411/101/104 419/103/106 420/613/560 412/606/554
f 412/606/554 420/613/560 421/614/559 413/607/553
f 425/619/555 433/626/561 434/174/175 426/173/174
f 424/618/556 432/625/562 433/626/561 425/619/555
f 423/616/557 431/623/563 432/625/562 424/618/556
f 422/615/558 430/622/564 431/624/563 423/617/557
f 421/614/559 429/621/565 430/622/564 422/615/558
f 419/103/106 427/105/108 428/620/566 420/613/560
f 420/613/560 428/620/566 429/621/565 421/614/559
f 433/626/561 441/633/567 442/175/176 434/174/175
f 432/625/562 440/632/568 441/633/567 433/626/561
f 431/623/563 439/630/569 440/632/568 432/625/562
f 430/622/564 438/629/570 439/631/569 431/624/563
f 429/621/565 437/628/571 438/629/570 430/622/564
f 427/105/108 435/107/110 436/627/572 428/620/566
f 428/620/566 436/627/572 437/628/571 429/621/565
f 441/633/567 449/640/573 450/176/177 442/175/176
f 440/632/568 448/639/574 449/640/573 441/633/567
f 439/630/569 447/637/575 448/639/574 440/632/568
f 438/629/570 446/636/576 447/638/575 439/631/569
f 437/628/571 445/635/577 446/636/576 438/629/570
f 435/107/110 443/109/112 444/634/578 436/627/572
f 436/627/572 444/634/578 445/635/577 437/628/571
f 449/640/573 457/647/579 458/177/178 450/176/177
f 448/639/574 456/646/580 457/647/579 449/640/573
f 447/637/575 455/644/581 456/646/580 448/639/574
f 446/636/576 454/643/582 455/645/581 447/638/575
f 445/635/577 453/642/583 454/643/582 446/636/576
f 443/109/112 451/111/114 452/641/584 444/634/578
f 444/634/578 452/641/584 453/642/583 445/635/577
f 457/647/579 465/654/585 466/178/179 458/177/178
f 456/646/580 464/653/586 465/654/585 457/647/579
f 455/644/581 463/651/587 464/653/586 456/646/580
f 454/643/582 462/650/588 463/652/587 455/645/581
f 453/642/583 461/649/589 462/650/588 454/643/582
f 451/111/114 459/113/116 460/648/590 452/641/584
f 452/641/584 460/648/590 461/649/589 453/642/583
f 465/654/585 473/661/591 474/179/180 466/178/179
f 464/653/586 472/660/592 473/661/591 465/654/585
f 463/651/587 471/658/593 472/660/592 464/653/586
f 462/650/588 470/657/594 471/659/593 463/652/587
f 461/649/589 469/656/595 470/657/594 462/650/588
f 459/113/116 467/115/118 468/655/596 460/648/590
f 460/648/590 468/655/596 469/656/595 461/649/589
f 473/661/591 481/668/597 482/181/181 474/179/180
f 472/660/592 480/667/598 481/668/597 473/661/591
f 471/658/593 479/665/599 480/667/598 472/660/592
f 470/657/594 478/664/600 479/666/599 471/659/593
f 469/656/595 477/663/601 478/664/600 470/657/594
f 467/115/118 475/117/120 476/662/602 468/655/596
f 468/655/596 476/662/602 477/663/601 469/656/595
f 10/121/123 482/181/181 481/668/597 9/255/243
f 9/255/243 481/668/597 480/667/598 8/254/245
f 8/254/245 480/667/598 479/665/599 7/252/247
f 7/251/247 479/666/599 478/664/600 6/249/249
f 6/249/249 478/664/600 477/663/601 5/247/251
f 5/247/251 477/663/601 476/662/602 4/245/254
f 4/245/254 476/662/602 475/117/120 3/119/1
f 489/679/603 961/1092/604 962/240/242 490/241/182
f 488/678/605 960/1091/606 961/1092/604 489/679/603
f 487/676/607 959/1089/608 960/1091/606 488/678/605
f 486/674/609 958/1088/610 959/1090/608 487/677/607
f 485/672/611 957/1087/612 958/1088/610 486/674/609
f 483/244/2 955/120/119 956/1086/613 484/670/614
f 484/670/614 956/1086/613 957/1087/612 485/672/611
f 490/241/182 498/182/184 497/686/615 489/679/603
f 489/679/603 497/686/615 496/685/616 488/678/605
f 488/678/605 496/685/616 495/684/617 487/676/607
f 487/675/607 495/683/617 494/682/618 486/673/609
f 486/673/609 494/682/618 493/681/619 485/671/611
f 485/671/611 493/681/619 492/680/620 484/669/614
f 484/669/614 492/680/620 491/4/3 483/2/2
f 498/182/184 506/183/185 505/693/621 497/686/615
f 497/686/615 505/693/621 504/692/622 496/685/616
f 496/685/616 504/692/622 503/691/623 495/684/617
f 495/683/617 503/690/623 502/689/624 494/682/618
f 494/682/618 502/689/624 501/688/625 493/681/619
f 493/681/619 501/688/625 500/687/626 492/680/620
f 492/680/620 500/687/626 499/6/5 491/4/3
f 506/183/185 514/184/186 513/700/627 505/693/621
f 505/693/621 513/700/627 512/699/628 504/692/622
f 504/692/622 512/699/628 511/698/629 503/691/623
f 503/690/623 511/697/629 510/696/630 502/689/624
f 502/689/624 510/696/630 509/695/631 501/688/625
f 501/688/625 509/695/631 508/694/632 500/687/626
f 500/687/626 508/694/632 507/8/7 499/6/5
f 514/184/186 522/185/187 521/707/633 513/700/627
f 513/700/627 521/707/633 520/706/634 512/699/628
f 512/699/628 520/706/634 519/705/635 511/698/629
f 511/697/629 519/704/635 518/703/636 510/696/630
f 510/696/630 518/703/636 517/702/637 509/695/631
f 509/695/631 517/702/637 516/701/638 508/694/632
f 508/694/632 516/701/638 515/10/9 507/8/7
f 522/185/187 530/186/188 529/714/639 521/707/633
f 521/707/633 529/714/639 528/713/640 520/706/634
f 520/706/634 528/713/640 527/712/641 519/705/635
f 519/704/635 527/711/641 526/710/642 518/703/636
f 518/703/636 526/710/642 525/709/643 517/702/637
f 517/702/637 525/709/643 524/708/644 516/701/638
f 516/701/638 524/708/644 523/12/11 515/10/9
f 530/186/188 538/187/189 537/721/645 529/714/639
f 529/714/639 537/721/645 536/720/646 528/713/640
f 528/713/640 536/720/646 535/719/647 527/712/641
f 527/711/641 535/718/647 534/717/648 526/710/642
f 526/710/642 534/717/648 533/716/649 525/709/643
f 525/709/643 533/716/649 532/715/650 524/708/644
f 524/708/644 532/715/650 531/14/13 523/12/11
f 538/187/189 546/188/190 545/728/651 537/721/645
f 537/721/645 545/728/651 544/727/652 536/720/646
f 536/720/646 544/727/652 543/726/653 535/719/647
f 535/718/647 543/725/653 542/724/654 534/717/648
f 534/717/648 542/724/654 541/723/655 533/716/649
f 533/716/649 541/723/655 540/722/656 532/715/650
f 532/715/650 540/722/656 539/16/15 531/14/13
f 546/188/190 554/189/191 553/735/657 545/728/651
f 545/728/651 553/735/657 552/734/658 544/727/652
f 544/727/652 552/734/658 551/733/659 543/726/653
f 543/725/653 551/732/659 550/731/660 542/724/654
f 542/724/654 550/731/660 549/730/661 541/723/655
f 541/723/655 549/730/661 548/729/662 540/722/656
f 540/722/656 548/729/662 547/18/17 539/16/15
f 554/189/191 562/190/192 561/742/663 553/735/657
f 553/735/657 561/742/663 560/741/664 552/734/658
f 552/734/658 560/741/664 559/740/665 551/733/659
f 551/732/659 559/739/665 558/738/666 550/731/660
f 550/731/660 558/738/666 557/737/667 549/730/661
f 549/730/661 557/737/667 556/736/668 548/729/662
f 548/729/662 556/736/668 555/20/19 547/18/17
f 562/190/192 570/191/193 569/749/669 561/742/663
f 561/742/663 569/749/669 568/748/670 560/741/664
f 560/741/664 568/748/670 567/747/671 559/740/665
f 559/739/665 567/746/671 566/745/672 558/738/666
f 558/738/666 566/745/672 565/744/673 557/737/667
f 557/737/667 565/744/673 564/743/674 556/736/668
f 556/736/668 564/743/674 563/22/21 555/20/19
f 570/191/193 578/192/194 577/756/675 569/749/669
f 569/749/669 577/756/675 576/755/676 568/748/670
f 568/748/670 576/755/676 575/754/677 567/747/671
f 567/746/671 575/753/677 574/752/678 566/745/672
f 566/745/672 574/752/678 573/751/679 565/744/673
f 565/744/673 573/751/679 572/750/680 564/743/674
f 564/743/674 572/750/680 571/24/23 563/22/21
f 578/192/194 586/193/195 585/763/681 577/756/675
f 577/756/675 585/763/681 584/762/682 576/755/676
f 576/755/676 584/762/682 583/761/683 575/754/677
f 575/753/677 583/760/683 582/759/684 574/752/678
f 574/752/678 582/759/684 581/758/685 573/751/679
f 573/751/679 581/758/685 580/757/686 572/750/680
f 572/750/680 580/757/686 579/26/25 571/24/23
f 586/193/195 594/194/196 593/770/687 585/763/681
f 585/763/681 593/770/687 592/769/688 584/762/682
f 584/762/682 592/769/688 591/768/689 583/761/683
f 583/760/683 591/767/689 590/766/690 582/759/684
f 582/759/684 590/766/690 589/765/691 581/758/685
f 581/758/685 589/765/691 588/764/692 580/757/686
f 580/757/686 588/764/692 587/28/27 579/26/25
f 594/194/196 602/195/197 601/777/693 593/770/687
f 593/770/687 601/777/693 600/776/694 592/769/688
f 592/769/688 600/776/694 599/775/695 591/768/689
f 591/767/689 599/774/695 598/773/696 590/766/690
f 590/766/690 598/773/696 597/772/697 589/765/691
f 589/765/691 597/772/697 596/771/698 588/764/692
f 588/764/692 596/771/698 595/30/29 587/28/27
f 602/195/197 610/196/198 609/784/699 601/777/693
f 601/777/693 609/784/699 608/783/700 600/776/694
f 600/776/694 608/783/700 607/782/701 599/775/695
f 599/774/695 607/781/701 606/780/702 598/773/696
f 598/773/696 606/780/702 605/779/703 597/772/697
f 597/772/697 605/779/703 604/778/704 596/771/698
f 596/771/698 604/778/704 603/32/31 595/30/29
f 610/196/198 618/197/199 617/791/705 609/784/699
f 609/784/699 617/791/705 616/790/706 608/783/700
f 608/783/700 616/790/706 615/789/707 607/782/701
f 607/781/701 615/788/707 614/787/708 606/780/702
f 606/780/702 614/787/708 613/786/709 605/779/703
f 605/779/703 613/786/709 612/785/710 604/778/704
f 604/778/704 612/785/710 611/34/33 603/32/31
f 618/197/199 626/198/200 625/798/711 617/791/705
f 617/791/705 625/798/711 624/797/712 616/790/706
f 616/790/706 624/797/712 623/796/713 615/789/707
f 615/788/707 623/795/713 622/794/714 614/787/708
f 614/787/708 622/794/714 621/793/715 613/786/709
f 613/786/709 621/793/715 620/792/716 612/785/710
f 612/785/710 620/792/716 619/36/35 611/34/33
f 626/198/200 634/199/201 633/805/717 625/798/711
f 625/798/711 633/805/717 632/804/718 624/797/712
f 624/797/712 632/804/718 631/803/719 623/796/713
f 623/795/713 631/802/719 630/801/720 622/794/714
f 622/794/714 630/801/720 629/800/721 621/793/715
f 621/793/715 629/800/721 628/799/722 620/792/716
f 620/792/716 628/799/722 627/38/37 619/36/35
f 634/199/201 642/200/202 641/812/723 633/805/717
f 633/805/717 641/812/723 640/811/724 632/804/718
f 632/804/718 640/811/724 639/810/725 631/803/719
f 631/802/719 639/809/725 638/808/726 630/801/720
f 630/801/720 638/808/726 637/807/727 629/800/721
f 629/800/721 637/807/727 636/806/728 628/799/722
f 628/799/722 636/806/728 635/40/39 627/38/37
f 642/200/202 650/201/203 649/819/729 641/812/723
f 641/812/723 649/819/729 648/818/730 640/811/724
f 640/811/724 648/818/730 647/817/731 639/810/725
f 639/809/725 647/816/731 646/815/732 638/808/726
f 638/808/726 646/815/732 645/814/733 637/807/727
f 637/807/727 645/814/733 644/813/734 636/806/728
f 636/806/728 644/813/734 643/42/41 635/40/39
f 650/201/203 658/202/204 657/826/735 649/819/729
f 649/819/729 657/826/735 656/825/736 648/818/730
f 648/818/730 656/825/736 655/824/737 647/817/731
f 647/816/731 655/823/737 654/822/738 646/815/732
f 646/815/732 654/822/738 653/821/739 645/814/733
f 645/814/733 653/821/739 652/820/740 644/813/734
f 644/813/734 652/820/740 651/44/43 643/42/41
f 658/202/204 666/203/205 665/833/741 657/826/735
f 657/826/735 665/833/741 664/832/742 656/825/736
f 656/825/736 664/832/742 663/831/743 655/824/737
f 655/823/737 663/830/743 662/829/744 654/822/738
f 654/822/738 662/829/744 661/828/745 653/821/739
f 653/821/739 661/828/745 660/827/746 652/820/740
f 652/820/740 660/827/746 659/46/45 651/44/43
f 666/203/205 674/204/206 673/840/747 665/833/741
f 665/833/741 673/840/747 672/839/748 664/832/742
f 664/832/742 672/839/748 671/838/749 663/831/743
f 663/830/743 671/837/749 670/836/750 662/829/744
f 662/829/744 670/836/750 669/835/751 661/828/745
f 661/828/745 669/835/751 668/834/752 660/827/746
f 660/827/746 668/834/752 667/48/47 659/46/45
f 674/204/206 682/205/207 681/847/753 673/840/747
f 673/840/747 681/847/753 680/846/754 672/839/748
f 672/839/748 680/846/754 679/845/755 671/838/749
f 671/837/749 679/844/755 678/843/756 670/836/750
f 670/836/750 678/843/756 677/842/757 669/835/751
f 669/835/751 677/842/757 676/841/758 668/834/752
f 668/834/752 676/841/758 675/50/49 667/48/47
f 682/205/207 690/206/208 689/854/759 681/847/753
f 681/847/753 689/854/759 688/853/760 680/846/754
f 680/846/754 688/853/760 687/852/761 679/845/755
f 679/844/755 687/851/761 686/850/762 678/843/756
f 678/843/756 686/850/762 685/849/763 677/842/757
f 677/842/757 685/849/763 684/848/764 676/841/758
f 676/841/758 684/848/764 683/52/51 675/50/49
f 690/206/208 698/207/209 697/861/765 689/854/759
f 689/854/759 697/861/765 696/860/766 688/853/760
f 688/853/760 696/860/766 695/859/767 687/852/761
f 687/851/761 695/858/767 694/857/768 686/850/762
f 686/850/762 694/857/768 693/856/769 685/849/763
f 685/849/763 693/856/769 692/855/770 684/848/764
f 684/848/764 692/855/770 691/54/53 683/52/51
f 698/207/209 706/208/210 705/868/771 697/861/765
f 697/861/765 705/868/771 704/867/772 696/860/766
f 696/860/766 704/867/772 703/866/773 695/859/767
f 695/858/767 703/865/773 702/864/774 694/857/768
f 694/857/768 702/864/774 701/863/775 693/856/769
f 693/856/769 701/863/775 700/862/776 692/855/770
f 692/855/770 700/862/776 699/56/55 691/54/53
f 706/208/210 714/209/211 713/875/777 705/868/771
f 705/868/771 713/875/777 712/874/778 704/867/772
f 704/867/772 712/874/778 711/873/779 703/866/773
f 703/865/773 711/872/779 710/871/780 702/864/774
f 702/864/774 710/871/780 709/870/781 701/863/775
f 701/863/775 709/870/781 708/869/782 700/862/776
f 700/862/776 708/869/782 707/58/57 699/56/55
f 714/209/211 722/210/212 721/882/783 713/875/777
f 713/875/777 721/882/783 720/881/784 712/874/778
f 712/874/778 720/881/784 719/880/785 711/873/779
f 711/872/779 719/879/785 718/878/786 710/871/780
f 710/871/780 718/878/786 717/877/787 709/870/781
f 709/870/781 717/877/787 716/876/788 708/869/782
f 708/869/782 716/876/788 715/60/59 707/58/57
f 722/210/212 730/211/213 729/889/789 721/882/783
f 721/882/783 729/889/789 728/888/790 720/881/784
f 720/881/784 728/888/790 727/887/791 719/880/785
f 719/879/785 727/886/791 726/885/792 718/878/786
f 718/878/786 726/885/792 725/884/793 717/877/787
f 717/877/787 725/884/793 724/883/794 716/876/788
f 716/876/788 724/883/794 723/62/61 715/60/59
f 730/211/213 738/212/214 737/896/795 729/889/789
f 729/889/789 737/896/795 736/895/796 728/888/790
f 728/888/790 736/895/796 735/894/797 727/887/791
f 727/886/791 735/893/797 734/892/798 726/885/792
f 726/885/792 734/892/798 733/891/799 725/884/793
f 725/884/793 733/891/799 732/890/800 724/883/794
f 724/883/794 732/890/800 731/64/63 723/62/61
f 738/212/214 746/213/215 745/903/801 737/896/795
f 737/896/795 745/903/801 744/902/802 736/895/796
f 736/895/796 744/902/802 743/901/803 735/894/797
f 735/893/797 743/900/803 742/899/804 734/892/798
f 734/892/798 742/899/804 741/898/805 733/891/799
f 733/891/799 741/898/805 740/897/806 732/890/800
f 732/890/800 740/897/806 739/66/65 731/64/63
f 746/213/215 754/214/216 753/910/807 745/903/801
f 745/903/801 753/910/807 752/909/808 744/902/802
f 744/902/802 752/909/808 751/908/809 743/901/803
f 743/900/803 751/907/809 750/906/810 742/899/804
f 742/899/804 750/906/810 749/905/811 741/898/805
f 741/898/805 749/905/811 748/904/812 740/897/806
f 740/897/806 748/904/812 747/68/67 739/66/65
f 754/214/216 762/215/217 761/917/813 753/910/807
f 753/910/807 761/917/813 760/916/814 752/909/808
f 752/909/808 760/916/814 759/915/815 751/908/809
f 751/907/809 759/914/815 758/913/816 750/906/810
f 750/906/810 758/913/816 757/912/817 749/905/811
f 749/905/811 757/912/817 756/911/818 748/904/812
f 748/904/812 756/911/818 755/70/69 747/68/67
f 762/215/217 770/216/218 769/924/819 761/917/813
f 761/917/813 769/924/819 768/923/820 760/916/814
f 760/916/814 768/923/820 767/922/821 759/915/815
f 759/914/815 767/921/821 766/920/822 758/913/816
f 758/913/816 766/920/822 765/919/823 757/912/817
f 757/912/817 765/919/823 764/918/824 756/911/818
f 756/911/818 764/918/824 763/72/71 755/70/69
f 770/216/218 778/217/219 777/931/825 769/924/819
f 769/924/819 777/931/825 776/930/826 768/923/820
f 768/923/820 776/930/826 775/929/827 767/922/821
f 767/921/821 775/928/827 774/927/828 766/920/822
f 766/920/822 774/927/828 773/926/829 765/919/823
f 765/919/823 773/926/829 772/925/830 764/918/824
f 764/918/824 772/925/830 771/74/73 763/72/71
f 778/217/219 786/218/220 785/938/831 777/931/825
f 777/931/825 785/938/831 784/937/832 776/930/826
f 776/930/826 784/937/832 783/936/833 775/929/827
f 775/928/827 783/935/833 782/934/834 774/927/828
f 774/927/828 782/934/834 781/933/835 773/926/829
f 773/926/829 781/933/835 780/932/836 772/925/830
f 772/925/830 780/932/836 779/76/75 771/74/73
f 786/218/220 794/219/221 793/945/837 785/938/831
f 785/938/831 793/945/837 792/944/838 784/937/832
f 784/937/832 792/944/838 791/943/839 783/936/833
f 783/935/833 791/942/839 790/941/840 782/934/834
f 782/934/834 790/941/840 789/940/841 781/933/835
f 781/933/835 789/940/841 788/939/842 780/932/836
f 780/932/836 788/939/842 787/78/77 779/76/75
f 794/219/221 802/220/222 801/952/843 793/945/837
f 793/945/837 801/952/843 800/951/844 792/944/838
f 792/944/838 800/951/844 799/950/845 791/943/839
f 791/942/839 799/949/845 798/948/846 790/941/840
f 790/941/840 798/948/846 797/947/847 789/940/841
f 789/940/841 797/947/847 796/946/848 788/939/842
f 788/939/842 796/946/848 795/80/79 787/78/77
f 802/220/222 810/221/223 809/959/849 801/952/843
f 801/952/843 809/959/849 808/958/850 800/951/844
f 800/951/844 808/958/850 807/957/851 799/950/845
f 799/949/845 807/956/851 806/955/852 798/948/846
f 798/948/846 806/955/852 805/954/853 797/947/847
f 797/947/847 805/954/853 804/953/854 796/946/848
f 796/946/848 804/953/854 803/82/81 795/80/79
f 810/221/223 818/222/224 817/966/855 809/959/849
f 809/959/849 817/966/855 816/965/856 808/958/850
f 808/958/850 816/965/856 815/964/857 807/957/851
f 807/956/851 815/963/857 814/962/858 806/955/852
f 806/955/852 814/962/858 813/961/859 805/954/853
f 805/954/853 813/961/859 812/960/860 804/953/854
f 804/953/854 812/960/860 811/84/83 803/82/81
f 818/222/224 826/223/225 825/973/861 817/966/855
f 817/966/855 825/973/861 824/972/862 816/965/856
f 816/965/856 824/972/862 823/971/863 815/964/857
f 815/963/857 823/970/863 822/969/864 814/962/858
f 814/962/858 822/969/864 821/968/865 813/961/859
f 813/961/859 821/968/865 820/967/866 812/960/860
f 812/960/860 820/967/866 819/86/85 811/84/83
f 826/223/225 834/224/226 833/980/867 825/973/861
f 825/973/861 833/980/867 832/979/868 824/972/862
f 824/972/862 832/979/868 831/978/869 823/971/863
f 823/970/863 831/977/869 830/976/870 822/969/864
f 822/969/864 830/976/870 829/975/871 821/968/865
f 821/968/865 829/975/871 828/974/872 820/967/866
f 820/967/866 828/974/872 827/88/87 819/86/85
f 834/224/226 842/225/227 841/987/873 833/980/867
f 833/980/867 841/987/873 840/986/874 832/979/868
f 832/979/868 840/986/874 839/985/875 831/978/869
f 831/977/869 839/984/875 838/983/876 830/976/870
f 830/976/870 838/983/876 837/982/877 829/975/871
f 829/975/871 837/982/877 836/981/878 828/974/872
f 828/974/872 836/981/878 835/90/89 827/88/87
f 842/225/227 850/226/228 849/994/879 841/987/873
f 841/987/873 849/994/879 848/993/880 840/986/874
f 840/986/874 848/993/880 847/992/881 839/985/875
f 839/984/875 847/991/881 846/990/882 838/983/876
f 838/983/876 846/990/882 845/989/883 837/982/877
f 837/982/877 845/989/883 844/988/884 836/981/878
f 836/981/878 844/988/884 843/92/91 835/90/89
f 850/226/228 858/227/229 857/1001/885 849/994/879
f 849/994/879 857/1001/885 856/1000/886 848/993/880
f 848/993/880 856/1000/886 855/999/887 847/992/881
f 847/991/881 855/998/887 854/997/888 846/990/882
f 846/990/882 854/997/888 853/996/889 845/989/883
f 845/989/883 853/996/889 852/995/890 844/988/884
f 844/988/884 852/995/890 851/94/93 843/92/91
f 858/227/229 866/228/230 865/1008/891 857/1001/885
f 857/1001/885 865/1008/891 864/1007/892 856/1000/886
f 856/1000/886 864/1007/892 863/1006/893 855/999/887
f 855/998/887 863/1005/893 862/1004/894 854/997/888
f 854/997/888 862/1004/894 861/1003/895 853/996/889
f 853/996/889 861/1003/895 860/1002/896 852/995/890
f 852/995/890 860/1002/896 859/96/95 851/94/93
f 866/228/230 874/229/231 873/1015/897 865/1008/891
f 865/1008/891 873/1015/897 872/1014/898 864/1007/892
f 864/1007/892 872/1014/898 871/1013/899 863/1006/893
f 863/1005/893 871/1012/899 870/1011/900 862/1004/894
f 862/1004/894 870/1011/900 869/1010/901 861/1003/895
f 861/1003/895 869/1010/901 868/1009/902 860/1002/896
f 860/1002/896 868/1009/902 867/98/97 859/96/95
f 874/229/231 882/230/232 881/1022/903 873/1015/897
f 873/1015/897 881/1022/903 880/1021/904 872/1014/898
f 872/1014/898 880/1021/904 879/1020/905 871/1013/899
f 871/1012/899 879/1019/905 878/1018/906 870/1011/900
f 870/1011/900 878/1018/906 877/1017/907 869/1010/901
f 869/1010/901 877/1017/907 876/1016/908 868/1009/902
f 868/1009/902 876/1016/908 875/100/99 867/98/97
f 882/230/232 890/231/233 889/1029/909 881/1022/903
f 881/1022/903 889/1029/909 888/1028/910 880/1021/904
f 880/1021/904 888/1028/910 887/1027/911 879/1020/905
f 879/1019/905 887/1026/911 886/1025/912 878/1018/906
f 878/1018/906 886/1025/912 885/1024/913 877/1017/907
f 877/1017/907 885/1024/913 884/1023/914 876/1016/908
f 876/1016/908 884/1023/914 883/102/101 875/100/99
f 890/231/233 898/232/234 897/1036/915 889/1029/909
f 889/1029/909 897/1036/915 896/1035/916 888/1028/910
f 888/1028/910 896/1035/916 895/1034/917 887/1027/911
f 887/1026/911 895/1033/917 894/1032/918 886/1025/912
f 886/1025/912 894/1032/918 893/1031/919 885/1024/913
f 885/1024/913 893/1031/919 892/1030/920 884/1023/914
f 884/1023/914 892/1030/920 891/104/103 883/102/101
f 898/232/234 906/233/235 905/1043/921 897/1036/915
f 897/1036/915 905/1043/921 904/1042/922 896/1035/916
f 896/1035/916 904/1042/922 903/1041/923 895/1034/917
f 895/1033/917 903/1040/923 902/1039/924 894/1032/918
f 894/1032/918 902/1039/924 901/1038/925 893/1031/919
f 893/1031/919 901/1038/925 900/1037/926 892/1030/920
f 892/1030/920 900/1037/926 899/106/105 891/104/103
f 906/233/235 914/234/236 913/1050/927 905/1043/921
f 905/1043/921 913/1050/927 912/1049/928 904/1042/922
f 904/1042/922 912/1049/928 911/1048/929 903/1041/923
f 903/1040/923 911/1047/929 910/1046/930 902/1039/924
f 902/1039/924 910/1046/930 909/1045/931 901/1038/925
f 901/1038/925 909/1045/931 908/1044/932 900/1037/926
f 900/1037/926 908/1044/932 907/108/107 899/106/105
f 914/234/236 922/235/237 921/1057/933 913/1050/927
f 913/1050/927 921/1057/933 920/1056/934 912/1049/928
f 912/1049/928 920/1056/934 919/1055/935 911/1048/929
f 911/1047/929 919/1054/935 918/1053/936 910/1046/930
f 910/1046/930 918/1053/936 917/1052/937 909/1045/931
f 909/1045/931 917/1052/937 916/1051/938 908/1044/932
f 908/1044/932 916/1051/938 915/110/109 907/108/107
f 922/235/237 930/236/238 929/1064/939 921/1057/933
f 921/1057/933 929/1064/939 928/1063/940 920/1056/934
f 920/1056/934 928/1063/940 927/1062/941 919/1055/935
f 919/1054/935 927/1061/941 926/1060/942 918/1053/936
f 918/1053/936 926/1060/942 925/1059/943 917/1052/937
f 917/1052/937 925/1059/943 924/1058/944 916/1051/938
f 916/1051/938 924/1058/944 923/112/111 915/110/109
f 930/236/238 938/237/239 937/1071/945 929/1064/939
f 929/1064/939 937/1071/945 936/1070/946 928/1063/940
f 928/1063/940 936/1070/946 935/1069/947 927/1062/941
f 927/1061/941 935/1068/947 934/1067/948 926/1060/942
f 926/1060/942 934/1067/948 933/1066/949 925/1059/943
f 925/1059/943 933/1066/949 932/1065/950 924/1058/944
f 924/1058/944 932/1065/950 931/114/113 923/112/111
f 938/237/239 946/238/240 945/1078/951 937/1071/945
f 937/1071/945 945/1078/951 944/1077/952 936/1070/946
f 936/1070/946 944/1077/952 943/1076/953 935/1069/947
f 935/1068/947 943/1075/953 942/1074/954 934/1067/948
f 934/1067/948 942/1074/954 941/1073/955 933/1066/949
f 933/1066/949 941/1073/955 940/1072/956 932/1065/950
f 932/1065/950 940/1072/956 939/116/115 931/114/113
f 946/238/240 954/239/241 953/1085/957 945/1078/951
f 945/1078/951 953/1085/957 952/1084/958 944/1077/952
f 944/1077/952 952/1084/958 951/1083/959 943/1076/953
f 943/1075/953 951/1082/959 950/1081/960 942/1074/954
f 942/1074/954 950/1081/960 949/1080/961 941/1073/955
f 941/1073/955 949/1080/961 948/1079/962 940/1072/956
f 940/1072/956 948/1079/962 947/118/117 939/116/115
f 954/239/241 962/240/242 961/1092/604 953/1085/957
f 953/1085/957 961/1092/604 960/1091/606 952/1084/958
f 952/1084/958 960/1091/606 959/1089/608 951/1083/959
f 951/1082/959 959/1090/608 958/1088/610 950/1081/960
f 950/1081/960 958/1088/610 957/1087/612 949/1080/961
f 949/1080/961 957/1087/612 956/1086/613 948/1079/962
f 948/1079/962 956/1086/613 955/120/119 947/118/117
